FECHA,DESCRIPCION,MONTO,TIPO
2024-03-11 00:00:00,TRANSFERENCIA INTERBANCARIA ENVIADA,-2.5,CUENTA
2024-03-11 00:00:00,TRANSFERENCIA INTERBANCARIA ENVIADA,-2.0,CUENTA
2024-03-11 00:00:00,TRANSFERENCIA INTERNET,-9.0,CUENTA
2024-03-11 00:00:00,TRANSFERENCIA INTERBANCARIA ENVIADA,-16.0,CUENTA
2024-03-12 00:00:00,TRANSFERENCIA INTERBANCARIA ENVIADA,-3.99,CUENTA
2024-03-12 00:00:00,TRANSFERENCIA INTERBANCARIA ENVIADA,-3.99,CUENTA
2024-03-12 00:00:00,TRANSFERENCIA INTERBANCARIA ENVIADA,-2.25,CUENTA
2024-03-13 00:00:00,TRANSFERENCIA INTERNET,-20.0,CUENTA
2024-03-13 00:00:00,**COSTO REFERENCIA BANCARIA,-2.25,CUENTA
2024-03-14 00:00:00,TRANSFERENCIA INTERBANCARIA ENVIADA,-4.0,CUENTA
2024-03-14 00:00:00,TRANSFERENCIA INTERBANCARIA ENVIADA,-0.5,CUENTA
2024-03-15 00:00:00,TRANSFERENCIA INTERNET,-1.5,CUENTA
2024-03-15 00:00:00,TRANSFERENCIA INTERNET,-1.73,CUENTA
2024-03-15 00:00:00,TRANSFERENCIA INTERNET,-2.15,CUENTA
2024-03-18 00:00:00,TRANSFERENCIA INTERNET,3.0,CUENTA
2024-03-18 00:00:00,02469497-MASTERCARD -RA-54660500091,-3177.0,CUENTA
2024-03-18 00:00:00,TRANSFERENCIA INTERNET,18.0,CUENTA
2024-03-18 00:00:00,02469497-MASTERCARD -RA-22306700008,-510.98,CUENTA
2024-03-18 00:00:00,TRANSFERENCIA INTERNET,223.6,CUENTA
2024-03-18 00:00:00,02469497-MASTERCARD -RA-22306700008,-510.98,CUENTA
2024-03-19 00:00:00,TRANSFERENCIA INTERNET,-5.5,CUENTA
2024-03-21 00:00:00,TRANSFERENCIA INTERBANCARIA ENVIADA,-3.0,CUENTA
2024-03-21 00:00:00,REV_TRANSFERENCIA INTERBANCARIA ENVIADA,3.0,CUENTA
2024-03-21 00:00:00,TRANSFERENCIA INTERBANCARIA ENVIADA,-3.0,CUENTA
2024-03-21 00:00:00,REV_TRANSFERENCIA INTERBANCARIA ENVIADA,3.0,CUENTA
2024-03-21 00:00:00,TRANSFERENCIA INTERNET,-3.0,CUENTA
2024-03-22 00:00:00,TRANSFERENCIA INTERBANCARIA ENVIADA,-6.0,CUENTA
2024-03-22 00:00:00,TRANSFERENCIA INTERBANCARIA ENVIADA,-4.8,CUENTA
2024-03-22 00:00:00,TRANSFERENCIA INTERBANCARIA ENVIADA,-1.0,CUENTA
2024-03-25 00:00:00,DEPOSITO,280.0,CUENTA
2024-03-28 00:00:00,CERTIFICADO DE DEPOSITO,-26000.0,CUENTA
2024-04-01 00:00:00,TRANSFERENCIA INTERNET,-40.0,CUENTA
2024-04-01 00:00:00,TRANSFERENCIA INTERNET,-12.0,CUENTA
2024-04-02 00:00:00,TRANSFERENCIA INTERNET,-1.0,CUENTA
2024-04-08 00:00:00,TRANSFERENCIA INTERNET,3.0,CUENTA
2024-04-08 00:00:00,TRANSFERENCIA INTERNET,2.1,CUENTA
2024-04-08 00:00:00,TRANSFERENCIA INTERNET,-3.0,CUENTA
2024-04-11 00:00:00,TRANSFERENCIA INTERNET,-45.0,CUENTA
2024-04-17 00:00:00,TRANSFERENCIA INTERBANCARIA ENVIADA,-16.75,CUENTA
2024-04-18 00:00:00,TRANSFERENCIA INTERNET,40.0,CUENTA
2024-04-19 00:00:00,TRANSFERENCIA INTERNET,-6.0,CUENTA
2024-04-22 00:00:00,TRANSFERENCIA INTERBANCARIA ENVIADA,-10.12,CUENTA
2024-04-22 00:00:00,TRANSFERENCIA INTERBANCARIA ENVIADA,-6.7,CUENTA
2024-04-22 00:00:00,TRANSFERENCIA INTERBANCARIA ENVIADA,-2.3,CUENTA
2024-04-24 00:00:00,TRANSFERENCIA INTERBANCARIA ENVIADA,-1.0,CUENTA
2024-04-26 00:00:00,TRANSFERENCIA INTERNET,216.02,CUENTA
2024-04-29 00:00:00,TRANSFERENCIA INTERNET,6.0,CUENTA
2024-04-30 00:00:00,TRANSFERENCIA INTERBANCARIA ENVIADA,-3.0,CUENTA
2024-05-01 00:00:00,DEPOSITO 8049,220.0,CUENTA
2024-05-01 00:00:00,DEPOSITO 8052,390.0,CUENTA
2024-05-02 00:00:00,TRANSFERENCIA INTERNET,-50.0,CUENTA
2024-05-13 00:00:00,TRANSFERENCIA INTERBANCARIA ENVIADA,-25.0,CUENTA
2024-05-14 00:00:00,TRANSFERENCIA INTERBANCARIA ENVIADA,-2.5,CUENTA
2024-05-17 00:00:00,TRANSFERENCIA INTERBANCARIA ENVIADA,-10.0,CUENTA
2024-05-22 00:00:00,TRANSFERENCIA INTERBANCARIA ENVIADA,-2.0,CUENTA
2024-05-22 00:00:00,TRANSFERENCIA INTERBANCARIA ENVIADA,-0.25,CUENTA
2024-05-23 00:00:00,TRANSFERENCIA INTERNET,-4.0,CUENTA
2024-05-28 00:00:00,**COM SRI TRF 000000000,-0.27,CUENTA
2024-05-28 00:00:00,IVA SRI TRF 000000000,-0.04,CUENTA
2024-05-28 00:00:00,PAGO SRI TRF 00000000000005827546,-244.87,CUENTA
2024-05-29 00:00:00,CANCELACION PLAZO FIJO,10100.0,CUENTA
2024-05-29 00:00:00,TRANSFERENCIA INTERIOR,172.21,CUENTA
2024-05-29 00:00:00,RETENCION 2% RENDIMIENTO FINANCIERO,-3.44,CUENTA
2024-05-31 00:00:00,TRANSFERENCIA INTERBANCARIA ENVIADA,-4.0,CUENTA
2024-05-31 00:00:00,TRANSFERENCIA INTERBANCARIA ENVIADA,-6.7,CUENTA
2024-06-03 00:00:00,TRANSFERENCIA INTERBANCARIA RECIBIDA,14.5,CUENTA
2024-06-04 00:00:00,TRANSFERENCIA INTERBANCARIA ENVIADA,-2.15,CUENTA
2024-06-04 00:00:00,CERTIFICADO DE DEPOSITO,-10278.0,CUENTA
2024-06-11 00:00:00,TRANSFERENCIA INTERBANCARIA ENVIADA,-3.0,CUENTA
2024-06-11 00:00:00,TRANSFERENCIA INTERNET,3.0,CUENTA
2024-06-12 00:00:00,TRANSFERENCIA INTERNET,-7.0,CUENTA
2024-06-14 00:00:00,TRANSFERENCIA INTERBANCARIA ENVIADA,-3.4,CUENTA
2024-06-14 00:00:00,TRANSFERENCIA INTERNET,-1.25,CUENTA
2024-06-20 00:00:00,05029027-MASTERCARD -RA-22306700008,-478.28,CUENTA
2024-06-20 00:00:00,TRANSFERENCIA INTERNET,-14.0,CUENTA
2024-06-24 00:00:00,TRANSFERENCIA INTERNET,26.41,CUENTA
2024-06-24 00:00:00,TRANSFERENCIA INTERNET,25.4,CUENTA
2024-06-24 00:00:00,TRANSFERENCIA INTERNET,27.5,CUENTA
2024-06-24 00:00:00,TRANSFERENCIA INTERBANCARIA ENVIADA,-1.4,CUENTA
2024-06-25 00:00:00,TRANSFERENCIA INTERNET,-60.0,CUENTA
2024-06-25 00:00:00,TRANSFERENCIA INTERNET,-2.75,CUENTA
2024-06-26 00:00:00,TRANSFERENCIA INTERNET,-0.8,CUENTA
2024-06-27 00:00:00,TRANSFERENCIA INTERBANCARIA ENVIADA,-2.0,CUENTA
2024-06-27 00:00:00,TRANSFERENCIA INTERBANCARIA ENVIADA,-5.0,CUENTA
2024-06-27 00:00:00,TRANSFERENCIA INTERBANCARIA ENVIADA,-5.0,CUENTA
2024-07-04 00:00:00,TRANSFERENCIA INTERBANCARIA ENVIADA,-6.9,CUENTA
2024-07-04 00:00:00,TRANSFERENCIA INTERNET,-15.0,CUENTA
2024-07-04 00:00:00,TRANSFERENCIA INTERBANCARIA ENVIADA,-8.0,CUENTA
2024-07-05 00:00:00,TRANSFERENCIA INTERNET,-60.0,CUENTA
2024-07-05 00:00:00,TRANSFERENCIA INTERNET,-150.0,CUENTA
2024-07-15 00:00:00,TRANSFERENCIA INTERNET,40.0,CUENTA
2024-07-15 00:00:00,TRANSFERENCIA INTERBANCARIA ENVIADA,-3.5,CUENTA
2024-07-17 00:00:00,TRANSFERENCIA INTERBANCARIA ENVIADA,-5.5,CUENTA
2024-07-17 00:00:00,TRANSFERENCIA INTERBANCARIA ENVIADA,-0.2,CUENTA
2024-07-17 00:00:00,REV_TRANSFERENCIA INTERBANCARIA ENVIADA,0.2,CUENTA
2024-07-17 00:00:00,TRANSFERENCIA INTERNET,-1.0,CUENTA
2024-07-18 00:00:00,TRANSFERENCIA INTERBANCARIA ENVIADA,-4.0,CUENTA
2024-07-18 00:00:00,TRANSFERENCIA INTERBANCARIA ENVIADA,-2.5,CUENTA
2024-07-19 00:00:00,TRANSFERENCIA INTERBANCARIA ENVIADA,-10.75,CUENTA
2024-07-19 00:00:00,TRANSFERENCIA INTERBANCARIA ENVIADA,-7.0,CUENTA
2024-07-22 00:00:00,*PAGO TARJETA: 2230670000895647,-20.0,CUENTA
2024-07-22 00:00:00,TRANSFERENCIA INTERBANCARIA RECIBIDA,25.35,CUENTA
2024-07-23 00:00:00,TRANSFERENCIA INTERBANCARIA ENVIADA,-3.95,CUENTA
2024-07-24 00:00:00,TRANSFERENCIA INTERBANCARIA ENVIADA,-3.5,CUENTA
2024-07-24 00:00:00,TRANSFERENCIA INTERBANCARIA ENVIADA,-5.0,CUENTA
2024-07-25 00:00:00,TRANSFERENCIA INTERBANCARIA ENVIADA,-1.5,CUENTA
2024-07-26 00:00:00,TRANSFERENCIA INTERNET,-3.0,CUENTA
2024-07-26 00:00:00,TRANSFERENCIA INTERBANCARIA ENVIADA,-2.5,CUENTA
2024-07-26 00:00:00,TRANSFERENCIA INTERBANCARIA ENVIADA,-3.0,CUENTA
2024-07-29 00:00:00,TRANSFERENCIA INTERBANCARIA ENVIADA,-17.56,CUENTA
2024-07-29 00:00:00,TRANSFERENCIA INTERBANCARIA ENVIADA,-1.5,CUENTA
2024-07-30 00:00:00,TRANSFERENCIA INTERBANCARIA ENVIADA,-2.0,CUENTA
2024-08-05 00:00:00,TRANSFERENCIA INTERNET,-13.75,CUENTA
2024-08-06 00:00:00,06296775-MASTERCARD -RA-22306700008,-255.16,CUENTA
2024-08-06 00:00:00,TRANSFERENCIA INTERBANCARIA ENVIADA,-11.6,CUENTA
2024-08-06 00:00:00,TRANSFERENCIA INTERBANCARIA ENVIADA,-9.0,CUENTA
2024-08-12 00:00:00,06413758-DISCOVER -RX-65573500021,-131.61,CUENTA
2024-08-12 00:00:00,TRANSFERENCIA INTERNET,-6.0,CUENTA
2024-08-13 00:00:00,TRANSFERENCIA INTERNET,-23.75,CUENTA
2024-08-13 00:00:00,TRANSFERENCIA INTERBANCARIA ENVIADA,-1.45,CUENTA
2024-08-15 00:00:00,TRANSFERENCIA INTERNET,30.0,CUENTA
2024-08-19 00:00:00,TRANSFERENCIA INTERNET,-7.0,CUENTA
2024-08-21 00:00:00,*PAGO TARJETA: 2230670000895647,-20.0,CUENTA
2024-08-21 00:00:00,TRANSFERENCIA INTERBANCARIA ENVIADA,-4.03,CUENTA
2024-08-22 00:00:00,TRANSFERENCIA INTERBANCARIA ENVIADA,-2.5,CUENTA
2024-08-23 00:00:00,06761403-MASTERCARD -RA-54660500091,-1080.0,CUENTA
2024-08-23 00:00:00,TRANSFERENCIA INTERBANCARIA ENVIADA,-4.5,CUENTA
2024-08-26 00:00:00,TRANSFERENCIA INTERBANCARIA ENVIADA,-5.0,CUENTA
2024-08-27 00:00:00,TRANSFERENCIA INTERBANCARIA ENVIADA,-2.95,CUENTA
2024-08-27 00:00:00,TRANSFERENCIA INTERBANCARIA ENVIADA,-8.53,CUENTA
2024-08-27 00:00:00,TRANSFERENCIA INTERNET,30.0,CUENTA
2024-08-27 00:00:00,TRANSFERENCIA INTERBANCARIA ENVIADA,-20.0,CUENTA
2024-09-02 00:00:00,TRANSFERENCIA INTERNET,8.75,CUENTA
2024-09-04 00:00:00,CANCELACION PLAZO FIJO,10278.0,CUENTA
2024-09-04 00:00:00,TRANSFERENCIA INTERIOR,208.82,CUENTA
2024-09-04 00:00:00,RETENCION 2% RENDIMIENTO FINANCIERO,-4.18,CUENTA
2024-09-04 00:00:00,TRANSFERENCIA INTERBANCARIA ENVIADA,-26.3,CUENTA
2024-09-04 00:00:00,TRANSFERENCIA INTERBANCARIA ENVIADA,-1.5,CUENTA
2024-09-09 00:00:00,PAGO TARJETA INTERBANCARIA ENVIADA,-0.23,CUENTA
2024-09-09 00:00:00,REV_PAGO TARJETA INTERBANCARIA ENVIADA,0.23,CUENTA
2024-09-09 00:00:00,TRANSFERENCIA INTERNET,-2.1,CUENTA
2024-09-09 00:00:00,TRANSFERENCIA INTERBANCARIA ENVIADA,-3.0,CUENTA
2024-09-11 00:00:00,TRANSFERENCIA INTERBANCARIA ENVIADA,-3.75,CUENTA
2024-09-11 00:00:00,TRANSFERENCIA INTERBANCARIA A ANDRE SEBASTIAN ARCENTALES ARCI,-3.75,CUENTA
2024-09-17 00:00:00,TRANSFERENCIA DIRECTA A ROMERO BENALCAZAR ALICIA LUPE,-6.5,CUENTA
2024-09-19 00:00:00,TRANSFERENCIA INTERBANCARIA A MARCELO ANDRES AGUILAR CIFUENTES,-3.66,CUENTA
2024-09-20 00:00:00,07550945-MASTERCARD     -RECAUDACIONES-223067000034,-401.21,CUENTA
2024-09-23 00:00:00,PAGO TARJETA INTERBANCARIA ENVIADA,-1.47,CUENTA
2024-09-23 00:00:00,07593554-MASTERCARD     -RECAUDACIONES-546605000918,-3228.5,CUENTA
2024-09-23 00:00:00,CERTIFICADO DE DEPOSITO,-6648.0,CUENTA
2024-09-23 00:00:00,TRANSFERENCIA DIRECTA A MEDINA AYALA VIOLETA ALEJANDRA,-22.14,CUENTA
2024-09-26 00:00:00,TRANSFERENCIA INTERBANCARIA A ANDRE SEBASTIAN ARCENTALES ARCI,-3.0,CUENTA
2024-09-26 00:00:00,TRANSFERENCIA INTERBANCARIA DE CUENCA PACHACAMA JIMMY ALEXANDE,2.0,CUENTA
2024-09-26 00:00:00,TRANSFERENCIA DIRECTA A PUJOTA PAUCAR LUIS ALBERTO,-8.0,CUENTA
2024-09-27 00:00:00,TRANSFERENCIA DIRECTA A LPPC S.A.S. B.I.C.,-9.5,CUENTA
2024-09-30 00:00:00,TRANSFERENCIA INTERBANCARIA A FANNY JANETH BORJA REA,-3.75,CUENTA
2024-09-30 00:00:00,TRANSFERENCIA DIRECTA A PAGUAY PAREDES PAMELA LIZETH,-3.2,CUENTA
2024-09-30 00:00:00,TRANSFERENCIA DIRECTA A DERMAGISTRAL S. A. S.,-150.0,CUENTA
2024-09-30 00:00:00,TRANSFERENCIA DIRECTA A DERMAAID S.A.S,-60.0,CUENTA
2024-10-01 00:00:00,TRANSFERENCIA INTERBANCARIA A ANDRE SEBASTIAN ARCENTALES ARCI,-3.5,CUENTA
2024-10-02 00:00:00,TRANSFERENCIA DIRECTA DE ARCINIEGA BASANTES PAULINA MARIA,249.0,CUENTA
2024-10-02 00:00:00,TRANSFERENCIA DIRECTA DE ARCINIEGA BASANTES PAULINA MARIA,132.0,CUENTA
2024-10-04 00:00:00,TRANSFERENCIA INTERBANCARIA A ANDRE SEBASTIAN ARCENTALES ARCI,-2.5,CUENTA
2024-10-04 00:00:00,TRANSFERENCIA INTERBANCARIA A ANDRE SEBASTIAN ARCENTALES ARCI,-3.25,CUENTA
2024-10-04 00:00:00,TRANSFERENCIA DIRECTA A JIMENEZ TITUANA LUIGI DANIEL,-5.0,CUENTA
2024-10-04 00:00:00,TRANSFERENCIA DIRECTA A JIMENEZ TITUANA LUIGI DANIEL,-5.0,CUENTA
2024-10-04 00:00:00,TRANSFERENCIA DIRECTA A REVELO REYES PAUL ALEXANDER,-2.0,CUENTA
2024-10-04 00:00:00,TRANSFERENCIA INTERBANCARIA A ANDRE SEBASTIAN ARCENTALES ARCI,-0.4,CUENTA
2024-10-07 00:00:00,TRANSFERENCIA INTERBANCARIA A ANDRE SEBASTIAN ARCENTALES ARCI,-3.25,CUENTA
2024-10-08 00:00:00,TRANSFERENCIA INTERBANCARIA A ANDRE SEBASTIAN ARCENTALES ARCI,-12.0,CUENTA
2024-10-09 00:00:00,TRANSFERENCIA DIRECTA A PAGUAY PAREDES PAMELA LIZETH,-2.0,CUENTA
2024-10-10 00:00:00,TRANSFERENCIA INTERBANCARIA A ANDRE SEBASTIAN ARCENTALES ARCI,-3.75,CUENTA
2024-10-10 00:00:00,TRANSFERENCIA DIRECTA A ANANGONO LASTRA JUAN CARLOS,-30.0,CUENTA
2024-10-18 00:00:00,TRANSFERENCIA DIRECTA A MENDOZA CHILLAGANA MARIA GLADYS,-7.0,CUENTA
2024-10-18 00:00:00,TRANSFERENCIA DIRECTA DE NARANJO FREIRE GABRIEL NICOLAS,2.5,CUENTA
2024-10-18 00:00:00,TRANSFERENCIA DIRECTA A JIMENEZ TITUANA LUIGI DANIEL,-5.0,CUENTA
2024-10-18 00:00:00,TRANSFERENCIA DIRECTA A JIMENEZ TITUANA LUIGI DANIEL,-5.0,CUENTA
2024-10-18 00:00:00,TRANSFERENCIA DIRECTA A VELASCO CORTES STEVEN SEBASTIAN,-100.0,CUENTA
2024-10-18 00:00:00,TRANSFERENCIA DIRECTA A VELASCO CORTES STEVEN SEBASTIAN,-100.0,CUENTA
2024-10-18 00:00:00,TRANSFERENCIA DIRECTA A VELASCO CORTES STEVEN SEBASTIAN,-100.0,CUENTA
2024-10-23 00:00:00,REG 7687179- 7681350 DBERTERO,300.0,CUENTA
2024-10-24 00:00:00,CANCELACION PLAZO FIJO,6648.0,CUENTA
2024-10-24 00:00:00,CANCELACION PLAZO FIJO,27.48,CUENTA
2024-10-24 00:00:00,RETENCION 2% RENDIMIENTO FINANCIERO,-0.55,CUENTA
2024-10-25 00:00:00,CANCELACION PLAZO FIJO,12854.21,CUENTA
2024-10-25 00:00:00,CANCELACION PLAZO FIJO,682.63,CUENTA
2024-11-05 00:00:00,TRANSFERENCIA DIRECTA DE ARCINIEGA BASANTES PAULINA MARIA,132.0,CUENTA
2024-11-08 00:00:00,TRANSFERENCIA INTERBANCARIA DE GUSTAVO DAVID JARA RAMIREZ,2.0,CUENTA
2024-11-14 00:00:00,09075581-NOVAECUADOR    -3V-TU BANCA PRO,-45.07,CUENTA
2024-11-15 00:00:00,PAGO TARJETA:  2230670000895647,-45.11,CUENTA
2024-11-18 00:00:00,CERTIFICADO DE DEPOSITO,-10310.0,CUENTA
2024-11-18 00:00:00,CERTIFICADO DE DEPOSITO,-10003.0,CUENTA
2024-11-19 00:00:00,09189088-MASTERCARD     -RECAUDACIONES-223067000075,-286.98,CUENTA
2024-12-09 00:00:00,PAGO TARJETA INTERBANCARIA ENVIADA,-2.49,CUENTA
2024-12-10 00:00:00,TRANSFERENCIA INTERBANCARIA DE VIOLETA ALEJANDRA MEDINA AYALA,6.0,CUENTA
2024-12-10 00:00:00,TRANSFERENCIA INTERBANCARIA DE NORMA ISABEL PAZMIÑO VALLEJO,5.71,CUENTA
2024-12-10 00:00:00,TRANSFERENCIA DIRECTA A MULLO VALLA SECIA SAMANTHA,-3.0,CUENTA
2024-12-11 00:00:00,TRANSFERENCIA INTERBANCARIA A ARCGOLD DEL ECUADOR S.A. MC DONALDS,-6.6,CUENTA
2024-12-12 00:00:00,TRANSFERENCIA INTERBANCARIA A LILIANA PATRICIA PEREZ GARCIA,-2.0,CUENTA
2024-12-12 00:00:00,TRANSFERENCIA DIRECTA A PARRA CARDENAS ALBERTO RODRIGO,-10.0,CUENTA
2024-12-12 00:00:00,TRANSFERENCIA INTERBANCARIA A GREGORY ALESSANDRO ARIAS VACA,-2.25,CUENTA
2024-12-13 00:00:00,TRANSFERENCIA DIRECTA A VILLACRES CARRILLO ALICIA,-3.7,CUENTA
2024-12-16 00:00:00,TRANSFERENCIA DIRECTA DE ARCENTALES ARCINIEGA ARIANNA NICOLE,40.0,CUENTA
2024-12-20 00:00:00,TRANSFERENCIA INTERBANCARIA A LICETH MARICELA PROANO PEREZ,-4.0,CUENTA
2024-12-20 00:00:00,"TRANSFERENCIA INTERBANCARIA A DILIPA, DISTRIBUIDORA DE LIBROS Y PAPELERIA C.LTDA. DILIPA",-2.62,CUENTA
2024-12-20 00:00:00,TRANSFERENCIA INTERBANCARIA A MANUEL GILBERTO CHUQUIN PINCHAO,-3.0,CUENTA
2024-12-23 00:00:00,TRANSFERENCIA INTERBANCARIA A ERICK EDUARDO MOSQUERA HERRERA,-7.06,CUENTA
2024-12-23 00:00:00,TRANSFERENCIA DIRECTA A PANILUISA CHICAIZA EDISON ORLANDO,-4.15,CUENTA
2024-12-24 00:00:00,TRANSFERENCIA DIRECTA A PANILUISA CHICAIZA EDISON ORLANDO,-6.7,CUENTA
2024-12-27 00:00:00,TRANSFERENCIA DIRECTA DE ARCENTALES ARCINIEGA ARIANNA NICOLE,50.0,CUENTA
2024-12-27 00:00:00,TRANSFERENCIA DIRECTA A MONSERRATE NARANJO CARLOS ARMANDO,-2.5,CUENTA
2024-12-30 00:00:00,TRANSFERENCIA DIRECTA A ARCOS MEZA PAUL MATEO,-2.0,CUENTA
2025-01-06 00:00:00,PAGO TARJETA INTERBANCARIA ENVIADA,-1.26,CUENTA
2025-01-06 00:00:00,TRANSFERENCIA DIRECTA DE ARCINIEGA BASANTES PAULINA MARIA,440.0,CUENTA
2025-01-06 00:00:00,TRANSFERENCIA DIRECTA DE ARCINIEGA BASANTES PAULINA MARIA,160.0,CUENTA
2025-01-06 00:00:00,TRANSFERENCIA DIRECTA DE ARCINIEGA BASANTES PAULINA MARIA,100.0,CUENTA
2025-01-07 00:00:00,TRANSFERENCIA DIRECTA A VILLACIS SUAREZ GABRIELA SOLEDAD,-6.0,CUENTA
2025-01-07 00:00:00,TRANSFERENCIA DIRECTA A LAVERDE MUÑOZ JORGE DAVID,-14.0,CUENTA
2025-01-09 00:00:00,TRANSFERENCIA INTERBANCARIA A MIGUEL ANGEL PAEZ NARANJO,-6.0,CUENTA
2025-01-10 00:00:00,TRANSFERENCIA INTERBANCARIA A JOSUE ALFREDO ARAUJO GALAN,-26.0,CUENTA
2025-01-10 00:00:00,TRANSFERENCIA DIRECTA A MALTE MUEPAZ ELISA TATIANA,-3.75,CUENTA
2025-01-10 00:00:00,TRANSFERENCIA DIRECTA A MALTE MUEPAZ ELISA TATIANA,-1.0,CUENTA
2025-01-10 00:00:00,TRANSFERENCIA INTERBANCARIA A ERICK EDUARDO MOSQUERA HERRERA,-3.28,CUENTA
2025-01-13 00:00:00,TRANSFERENCIA INTERBANCARIA A MANUEL MARIO IZURIETA ALEMAN,-4.0,CUENTA
2025-01-14 00:00:00,TRANSFERENCIA INTERBANCARIA A BYRON MANUEL YEPEZ YANEZ,-3.0,CUENTA
2025-01-15 00:00:00,TRANSFERENCIA INTERBANCARIA A MARIA ELENA RECALDE ESTACIO,-3.0,CUENTA
2025-01-16 00:00:00,TRANSFERENCIA INTERBANCARIA A GREGORY ALESSANDRO ARIAS VACA,-3.25,CUENTA
2025-01-17 00:00:00,TRANSFERENCIA INTERBANCARIA A FABIOLA BERENICE TORRES GONZALEZ,-3.0,CUENTA
2025-01-20 00:00:00,TRANSFERENCIA INTERBANCARIA A SEGUNDO GALO MORALES PARRA,-2.15,CUENTA
2025-01-21 00:00:00,PAGO TARJETA:  2230670000895647,-20.0,CUENTA
2025-01-21 00:00:00,TRANSFERENCIA DIRECTA A DERMAAID S.A.S,-140.0,CUENTA
2025-01-21 00:00:00,TRANSFERENCIA INTERBANCARIA A CARMITA CONZUELO RODRIGUEZ CELI,-3.25,CUENTA
2025-01-22 00:00:00,10970033-MASTERCARD     -RECAUDACIONES-223067000075,-275.27,CUENTA
2025-01-22 00:00:00,TRANSFERENCIA INTERBANCARIA A GREGORY ALESSANDRO ARIAS VACA,-3.25,CUENTA
2025-01-23 00:00:00,TRANSFERENCIA INTERBANCARIA A LUIS FERNANDO MELGAREJO JACOME,-3.5,CUENTA
2025-01-23 00:00:00,TRANSFERENCIA INTERBANCARIA A JUAN CARLOS BALLA YUMBO,-3.25,CUENTA
2025-01-24 00:00:00,CANCELACION PLAZO FIJO,26000.0,CUENTA
2025-01-24 00:00:00,CANCELACION PLAZO FIJO,1897.57,CUENTA
2025-01-24 00:00:00,TRANSFERENCIA INTERBANCARIA A GREGORY ALESSANDRO ARIAS VACA,-3.25,CUENTA
2025-01-27 00:00:00,TRANSFERENCIA INTERNET,-1.6,CUENTA
2025-01-27 00:00:00,TRANSFERENCIA INTERBANCARIA ENVIADA,-3.25,CUENTA
2025-01-28 00:00:00,TRANSFERENCIA INTERBANCARIA A GREGORY ALESSANDRO ARIAS VACA,-3.0,CUENTA
2025-01-29 00:00:00,TRANSFERENCIA INTERBANCARIA A COMERCIAL EL ARBOLITO CIA. LTDA. COMERCIAL EL ARBOLITO,-9.35,CUENTA
2025-01-29 00:00:00,TRANSFERENCIA DIRECTA A IBARRA SABANDO JOSE ANTONIO,-0.4,CUENTA
2025-01-30 00:00:00,TRANSFERENCIA DIRECTA A ORAMAS VALLADARES PAULA ANDREA,-3.0,CUENTA
2025-01-31 00:00:00,TRANSFERENCIA INTERBANCARIA A MARIA MAGOLA QUIROZ DIAZ,-10.5,CUENTA
2025-01-31 00:00:00,TRANSFERENCIA INTERBANCARIA A MANUEL MARIO IZURIETA ALEMAN,-4.0,CUENTA
2025-02-03 00:00:00,TRANSFERENCIA INTERBANCARIA A GREGORY ALESSANDRO ARIAS VACA,-3.0,CUENTA
2025-02-03 00:00:00,TRANSFERENCIA DIRECTA DE ARCENTALES ARCINIEGA ARIANNA NICOLE,290.0,CUENTA
2025-02-04 00:00:00,TRANSFERENCIA INTERBANCARIA A GREGORY ALESSANDRO ARIAS VACA,-3.0,CUENTA
2025-02-04 00:00:00,TRANSFERENCIA INTERBANCARIA A STEFFANY NICOLE ORTIZ SANDOVAL,-2.99,CUENTA
2025-02-04 00:00:00,TRANSFERENCIA INTERBANCARIA A SONIA ESTEFANY MEJIA GUERRON,-0.5,CUENTA
2025-02-04 00:00:00,TRANSFERENCIA INTERBANCARIA A SONIA ESTEFANY MEJIA GUERRON,-0.5,CUENTA
2025-02-04 00:00:00,TRANSFERENCIA INTERBANCARIA A SONIA ESTEFANY MEJIA GUERRON,-3.0,CUENTA
2025-02-05 00:00:00,TRANSFERENCIA DIRECTA A DE LA CRUZ QUISTANCHALA JORGE SANTIAGO,-14.5,CUENTA
2025-02-05 00:00:00,TRANSFERENCIA DIRECTA A ARCENTALES ARCINIEGA ARIANNA NICOLE,-290.0,CUENTA
2025-02-05 00:00:00,PAGO TARJETA INTERBANCARIA ENVIADA,-1.24,CUENTA
2025-02-05 00:00:00,TRANSFERENCIA INTERBANCARIA A A & I INTERNATIONAL TRADING DERMASOFT CIA LTDA DERMASOFT,-34.07,CUENTA
2025-02-06 00:00:00,TRANSFERENCIA INTERBANCARIA A GREGORY ALESSANDRO ARIAS VACA,-3.25,CUENTA
2025-02-07 00:00:00,TRANSFERENCIA DIRECTA A SANCHO PONTON BYRON JOSE,-35.0,CUENTA
2025-02-07 00:00:00,TRANSFERENCIA INTERBANCARIA A ESTEFANIA CONSTANZA ALARCON QUISPE,-1.0,CUENTA
2025-02-07 00:00:00,TRANSFERENCIA INTERBANCARIA A GREGORY ALESSANDRO ARIAS VACA,-3.0,CUENTA
2025-02-10 00:00:00,TRANSFERENCIA INTERBANCARIA A GREGORY ALESSANDRO ARIAS VACA,-9.75,CUENTA
2025-02-10 00:00:00,TRANSFERENCIA DIRECTA DE ARCINIEGA BASANTES PAULINA MARIA,200.0,CUENTA
2025-02-13 00:00:00,TRANSFERENCIA INTERBANCARIA A GREGORY ALESSANDRO ARIAS VACA,-3.0,CUENTA
2025-02-13 00:00:00,TRANSFERENCIA DIRECTA A MEDINA AYALA VIOLETA ALEJANDRA,-14.65,CUENTA
2025-02-13 00:00:00,TRANSFERENCIA DIRECTA A PANILUISA CHICAIZA EDISON ORLANDO,-6.75,CUENTA
2025-02-14 00:00:00,TRANSFERENCIA INTERBANCARIA ENVIADA,-3.0,CUENTA
2025-02-21 00:00:00,PAGO TARJETA:  2230670000895647,-29.52,CUENTA
2025-02-21 00:00:00,TRANSFERENCIA DIRECTA A RUALES RUALES NORA MARIBEL,-4.25,CUENTA
2025-02-21 00:00:00,CERTIFICADO DE DEPOSITO,-28000.0,CUENTA
2025-02-24 00:00:00,TRANSFERENCIA DIRECTA A ANDRADE MURILLO MARTIN NICOLAS,-5.0,CUENTA
2025-02-24 00:00:00,TRANSFERENCIA DIRECTA A ARCOS MEZA PAUL MATEO,-4.36,CUENTA
2025-02-24 00:00:00,TRANSFERENCIA INTERBANCARIA A FOOD & SERVICES SOCIETY PIZZERIA EL HORNERO,-1.65,CUENTA
2025-02-24 00:00:00,TRANSFERENCIA DIRECTA A LPPC S.A.S. B.I.C.,-2.0,CUENTA
2025-02-24 00:00:00,TRANSFERENCIA DIRECTA A LPPC S.A.S. B.I.C.,-2.0,CUENTA
2025-02-24 00:00:00,TRANSFERENCIA DIRECTA DE ARCINIEGA BASANTES PAULINA MARIA,50.0,CUENTA
2025-02-24 00:00:00,TRANSFERENCIA INTERBANCARIA A GREGORY ALESSANDRO ARIAS VACA,-3.0,CUENTA
2025-02-25 00:00:00,TRANSFERENCIA DIRECTA A ROMAN GUERRERO FREDDY OSWALDO,-17.23,CUENTA
2025-02-27 00:00:00,TRANSFERENCIA INTERBANCARIA A GREGORY ALESSANDRO ARIAS VACA,-3.0,CUENTA
2025-02-28 00:00:00,TRANSFERENCIA DIRECTA A MEDINA AYALA VIOLETA ALEJANDRA,-30.6,CUENTA
2025-02-28 00:00:00,TRANSFERENCIA DIRECTA A MEDINA AYALA VIOLETA ALEJANDRA,-6.0,CUENTA
2025-03-05 00:00:00,TRANSFERENCIA INTERBANCARIA A ALEXANDRA VERONICA QUISHPE CRIOLLO,-1.14,CUENTA
2025-03-05 00:00:00,TRANSFERENCIA INTERBANCARIA A FABIOLA BERENICE TORRES GONZALEZ,-11.0,CUENTA
2025-03-05 00:00:00,TRANSFERENCIA INTERBANCARIA A GREGORY ALESSANDRO ARIAS VACA,-3.0,CUENTA
2025-03-05 00:00:00,TRANSFERENCIA INTERBANCARIA A AMPARITO DEL ROCIO ERAZO TOAZO,-2.75,CUENTA
2025-03-07 00:00:00,TRANSFERENCIA DIRECTA A PEDRA TISBET EDELMIRA,-1.0,CUENTA
2025-03-10 00:00:00,TRANSFERENCIA DIRECTA A ARCOS MEZA PAUL MATEO,-3.25,CUENTA
2025-03-10 00:00:00,TRANSFERENCIA DIRECTA A ARCOS MEZA PAUL MATEO,-1.25,CUENTA
2025-03-12 00:00:00,TRANSFERENCIA INTERBANCARIA A GREGORY ALESSANDRO ARIAS VACA,-3.0,CUENTA
2025-03-12 00:00:00,TRANSFERENCIA INTERBANCARIA A CELIA MERCEDES MENA JACOME,-24.0,CUENTA
2025-03-12 00:00:00,TRANSFERENCIA INTERBANCARIA A BRYAN ANDRES MORALES ARANDI,-7.5,CUENTA
2025-03-13 00:00:00,TRANSFERENCIA INTERBANCARIA A GREGORY ALESSANDRO ARIAS VACA,-3.0,CUENTA
2025-03-13 00:00:00,TRANSFERENCIA INTERBANCARIA A MAYRA ALEXANDRA ORTIZ NAGUA,-20.0,CUENTA
2025-03-14 00:00:00,TRANSFERENCIA INTERBANCARIA A MARIANELA PARRA TORRES,-3.0,CUENTA
2025-03-17 00:00:00,TRANSFERENCIA DIRECTA DE ARCENTALES ARCINIEGA ARIANNA NICOLE,17.0,CUENTA
2025-03-17 00:00:00,TRANSFERENCIA DIRECTA DE MEDINA AYALA VIOLETA ALEJANDRA,7.5,CUENTA
2025-03-17 00:00:00,TRANSFERENCIA DIRECTA DE PAZMINO VALLEJO NORMA ISABEL,7.5,CUENTA
2025-03-19 00:00:00,CANCELACION PLAZO FIJO,10310.0,CUENTA
2025-03-19 00:00:00,CANCELACION PLAZO FIJO,225.25,CUENTA
2025-03-19 00:00:00,RETENCION RENDIMIENTO FINANCIERO,-4.51,CUENTA
2025-03-19 00:00:00,TRANSFERENCIA INTERBANCARIA A GREGORY ALESSANDRO ARIAS VACA,-3.0,CUENTA
2025-03-19 00:00:00,TRANSFERENCIA DIRECTA A MINUCHE  PEREZ PAOLA CAROLINA,-20.0,CUENTA
2025-03-20 00:00:00,TRANSFERENCIA INTERBANCARIA A GREGORY ALESSANDRO ARIAS VACA,-3.0,CUENTA
2025-03-21 00:00:00,PAGO TARJETA:  2230670000895647,-20.0,CUENTA
2025-03-21 00:00:00,TRANSFERENCIA DIRECTA DE ARCINIEGA BASANTES PAULINA MARIA,535.0,CUENTA
2025-03-21 00:00:00,TRANSFERENCIA DIRECTA DE ARCINIEGA BASANTES PAULINA MARIA,100.0,CUENTA
2025-03-21 00:00:00,TRANSFERENCIA DIRECTA A LOGRONO  HIDALGO IVELIA MARGARITA,-6.0,CUENTA
2025-03-21 00:00:00,DEPOSITO       6293,600.0,CUENTA
2025-03-21 00:00:00,TRANSFERENCIA DIRECTA A ROJAS  CHALE SHIRLEY STEFANIA,-5.0,CUENTA
2025-03-21 00:00:00,TRANSFERENCIA DIRECTA A ATIENCIA  COLLAGUAZO CARLA ESTEFANIA,-5.25,CUENTA
2025-03-21 00:00:00,12658558-MASTERCARD     -RECAUDACIONES-223067000075,-309.55,CUENTA
2025-03-24 13:10:00,TRANSFERENCIA INTERBANCARIA A GREGORY ALESSANDRO ARIAS VACA,-3.0,CUENTA
2025-03-25 13:22:00,TRANSFERENCIA INTERBANCARIA A GREGORY ALESSANDRO ARIAS VACA,-3.0,CUENTA
2025-03-25 21:00:00,TRANSFERENCIA INTERBANCARIA A MONICA CRISTINA ARAUJO BALDEON,-35.7,CUENTA
2025-03-25 21:09:00,TRANSFERENCIA DIRECTA DE DAVID MATEO BENALCAZAR MOSQUERA,24.19,CUENTA
2025-03-26 14:31:00,TRANSFERENCIA INTERBANCARIA A LENIN ULICES VACA SALAS,-10.0,CUENTA
2025-03-26 15:48:00,TRANSFERENCIA INTERBANCARIA A A GUSTO PARRILLADAS,-3.25,CUENTA
2025-03-27 16:15:00,PAGO TARJETA INTERBANCARIA ENVIADA,-2.49,CUENTA
2025-03-31 16:50:00,TRANSFERENCIA INTERBANCARIA A RUTH KARINA CALDERON PARRA,-10.75,CUENTA
2025-03-31 10:58:00,TRANSFERENCIA DIRECTA A VILLACRES CARRILLO ALICIA,-2.25,CUENTA
2025-03-31 13:15:00,TRANSFERENCIA DIRECTA A YANCHATUÑA RIVERA DEYSI MARIBEL,-3.0,CUENTA
2025-03-31 13:16:00,TRANSFERENCIA DIRECTA A YANCHATUÑA RIVERA DEYSI MARIBEL,-2.5,CUENTA
2025-03-31 14:13:00,TRANSFERENCIA DIRECTA A LAGOS MORALES DIELA ESPERANZA,-3.0,CUENTA
2025-03-31 18:31:00,TRANSFERENCIA INTERBANCARIA ENVIADA,-3.53,CUENTA
2025-04-01 12:25:00,TRANSFERENCIA DIRECTA A FLORES PRIETO IVAN RICARDO,-4.25,CUENTA
2025-04-02 12:59:00,TRANSFERENCIA DIRECTA A YANCHATUÑA RIVERA DEYSI MARIBEL,-3.0,CUENTA
2025-04-03 08:51:00,TRANSFERENCIA DIRECTA DE JUAN JOSE NAVARRETE COUTO,2.5,CUENTA
2025-04-03 11:27:00,TRANSFERENCIA INTERBANCARIA A LUIS ANTONIO RIVADENEIRA PINARGOTE,-3.25,CUENTA
2025-04-03 11:28:00,TRANSFERENCIA DIRECTA DE JUAN JOSE NAVARRETE COUTO,1.75,CUENTA
2025-04-03 13:31:00,TRANSFERENCIA INTERBANCARIA A ELSA SUSANA PENA CEPEDA,-3.6,CUENTA
2025-04-03 14:09:00,TRANSFERENCIA DIRECTA A GONZALEZ DIAZ ARIK JOSUE,-1.0,CUENTA
2025-04-03 14:45:00,TRANSFERENCIA DIRECTA A FOUNES PINTO GIOVANNY FRANCISCO,-3.0,CUENTA
2025-04-03 18:07:00,TRANSFERENCIA INTERBANCARIA A TATIANA ELIZABETH GAVILANEZ PAREDES,-1.75,CUENTA
2025-04-04 12:53:00,TRANSFERENCIA DIRECTA A FOUNES PINTO GIOVANNY FRANCISCO,-2.0,CUENTA
2025-04-04 14:24:00,TRANSFERENCIA DIRECTA A JIMENEZ EGAS LEANDRO IVAN,-5.0,CUENTA
2025-04-04 15:11:00,TRANSFERENCIA DIRECTA A JIMENEZ EGAS LEANDRO IVAN,-5.0,CUENTA
2025-04-04 15:48:00,TRANSFERENCIA DIRECTA A HERNANDEZ COBAGANGO EDISON RICARDO,-2.5,CUENTA
2025-04-07 13:14:00,TRANSFERENCIA DIRECTA A YANCHATUÑA RIVERA DEYSI MARIBEL,-5.0,CUENTA
2025-04-08 09:56:00,TRANSFERENCIA DIRECTA A NAVARRETE COUTO JUAN JOSE,-0.69,CUENTA
2025-04-08 17:05:00,RETSINTJ 0979344605 BOVEDA DISPONIBLE VASE,-50.0,CUENTA
2025-04-09 10:29:00,TRANSFERENCIA DIRECTA A HONORES JAEN IVES OLIVIA,-7.75,CUENTA
2025-04-09 13:47:00,TRANSFERENCIA INTERBANCARIA A GREGORY ALESSANDRO ARIAS VACA,-3.25,CUENTA
2025-04-10 12:26:00,TRANSFERENCIA DIRECTA A VELASTEGUI PEREZ MATEO SEBASTIAN,-4.6,CUENTA
2025-04-11 15:34:00,TRANSFERENCIA DIRECTA A ATIENCIA COLLAGUAZO CARLA ESTEFANIA,-5.0,CUENTA
2025-04-14 13:53:00,TRANSFERENCIA INTERBANCARIA A ENMARSI S.A POLLO CAMPERO,-6.7,CUENTA
2025-04-14 13:13:00,TRANSFERENCIA DIRECTA A YANCHATUÑA RIVERA DEYSI MARIBEL,-2.5,CUENTA
2025-04-15 12:21:00,TRANSFERENCIA INTERBANCARIA A GREGORY ALESSANDRO ARIAS VACA,-3.25,CUENTA
2025-04-16 10:43:00,TRANSFERENCIA DIRECTA A VELASTEGUI PEREZ MATEO SEBASTIAN,-4.0,CUENTA
2025-04-16 10:43:00,TRANSFERENCIA DIRECTA A VELASTEGUI PEREZ MATEO SEBASTIAN,-2.0,CUENTA
2025-04-16 10:50:00,TRANSFERENCIA DIRECTA DE JUAN JOSE NAVARRETE COUTO,2.0,CUENTA
2025-04-16 14:40:00,TRANSFERENCIA INTERBANCARIA DE GUSTAVO DAVID JARA RAMIREZ,22.0,CUENTA
2025-04-16 14:43:00,TRANSFERENCIA DIRECTA A MINUCHE PEREZ PAOLA CAROLINA,-66.0,CUENTA
2025-04-16 15:28:00,TRANSFERENCIA DIRECTA A MINUCHE PEREZ PAOLA CAROLINA,-70.0,CUENTA
2025-04-16 15:30:00,TRANSFERENCIA INTERBANCARIA DE GUSTAVO DAVID JARA RAMIREZ,45.0,CUENTA
2025-04-16 15:38:00,TRANSFERENCIA DIRECTA A ROSERO LUCERO RICARDO DANIEL,-7.5,CUENTA
2025-04-17 20:56:00,TRANSFERENCIA INTERBANCARIA A FABIOLA BERENICE TORRES GONZALEZ,-8.0,CUENTA
2025-04-21 14:52:00,TRANSFERENCIA INTERBANCARIA A MIRIAM PATRICIA POZO POSSO,-21.0,CUENTA
2025-04-21 09:40:00,PAGO TARJETA:  2230670000895647,-30.27,CUENTA
2025-04-21 17:24:00,TRANSFERENCIA INTERBANCARIA A DANNY ALEXIS LEON CHACON,-23.0,CUENTA
2025-04-22 12:23:00,TRANSFERENCIA INTERBANCARIA A ROSA MAGALI PALMA LOOR,-4.75,CUENTA
2025-04-23 10:21:00,TRANSFERENCIA DIRECTA A HONORES JAEN IVES OLIVIA,-3.5,CUENTA
2025-04-23 12:26:00,TRANSFERENCIA DIRECTA DE ARCINIEGA BASANTES PAULINA MARIA,100.0,CUENTA
2025-04-24 12:45:00,TRANSFERENCIA INTERBANCARIA A GREGORY ALESSANDRO ARIAS VACA,-3.25,CUENTA
2025-04-25 13:08:00,TRANSFERENCIA INTERBANCARIA A JEFERSSON PATRICIO LEDESMA CARRILLO,-4.0,CUENTA
2025-04-25 14:01:00,TRANSFERENCIA DIRECTA A FOUNES PINTO GIOVANNY FRANCISCO,-3.0,CUENTA
2025-04-25 14:48:00,TRANSFERENCIA DIRECTA A JIMENEZ EGAS LEANDRO IVAN,-5.0,CUENTA
2025-04-28 08:02:00,TRANSFERENCIA DIRECTA A VELASTEGUI PEREZ MATEO SEBASTIAN,-4.0,CUENTA
2025-04-28 08:03:00,TRANSFERENCIA DIRECTA DE JUAN JOSE NAVARRETE COUTO,1.33,CUENTA
2025-04-28 14:15:00,TRANSFERENCIA INTERBANCARIA A MARIA ELENA RECALDE ESTACIO,-6.0,CUENTA
2025-04-28 19:52:00,13426655-MASTERCARD     -RA-546605000455,-3217.5,CUENTA
2025-04-28 19:58:00,CERTIFICADO DE DEPOSITO,-7317.0,CUENTA
2025-04-29 12:19:00,TRANSFERENCIA INTERBANCARIA A ROSA MAGALI PALMA LOOR,-4.75,CUENTA
2025-04-30 13:11:00,TRANSFERENCIA DIRECTA A VALLEJO TRUJILLO JANETH ESTHER,-2.5,CUENTA
2025-05-01 11:36:00,TRANSFERENCIA DIRECTA A VELASTEGUI PEREZ MATEO SEBASTIAN,-1.85,CUENTA
2025-05-01 13:18:00,TRANSFERENCIA INTERBANCARIA A GREGORY ALESSANDRO ARIAS VACA,-3.25,CUENTA
2025-05-05 13:36:00,TRANSFERENCIA DIRECTA A ARCOS MEZA PAUL MATEO,-3.25,CUENTA
2025-05-05 21:49:00,TRANSFERENCIA INTERBANCARIA A CHRISTIAN ROBERTO FALCONI ARMAS,-9.8,CUENTA
2025-05-05 12:56:00,TRANSFERENCIA DIRECTA DE ARCENTALES ARCINIEGA ARIANNA NICOLE,10.5,CUENTA
2025-05-05 20:18:00,TRANSFERENCIA DIRECTA A PANILUISA CHICAIZA EDISON ORLANDO,-3.4,CUENTA
2025-05-06 11:47:00,TRANSFERENCIA INTERBANCARIA A VERONICA MARISOL MOROCHO CHALCO,-3.95,CUENTA
2025-05-07 09:53:00,13619132-MASTERCARD     -RA-223067000075,-789.73,CUENTA
2025-05-07 14:02:00,TRANSFERENCIA DIRECTA A MORALES COBA ALISSON FERNANDA,-13.99,CUENTA
2025-05-07 14:03:00,TRANSFERENCIA INTERBANCARIA DE GUSTAVO DAVID JARA RAMIREZ,4.66,CUENTA
2025-05-07 14:04:00,TRANSFERENCIA DIRECTA DE FABRICIO SEBASTIAN MONTALVO VALDIVIEZO,4.6,CUENTA
2025-05-07 14:11:00,TRANSFERENCIA DIRECTA A PALLO ARMIJOS MARIA DE LOURDES,-6.0,CUENTA
2025-05-08 11:27:00,TRANSFERENCIA INTERBANCARIA A LAURA SUSANA CAMPOS LOOR,-2.5,CUENTA
2025-05-08 11:29:00,TRANSFERENCIA INTERBANCARIA A LAURA SUSANA CAMPOS LOOR,-2.0,CUENTA
2025-05-08 19:09:00,TRANSFERENCIA INTERBANCARIA A ERICK EDUARDO MOSQUERA HERRERA,-3.5,CUENTA
2025-05-09 12:27:00,TRANSFERENCIA INTERBANCARIA DE GUSTAVO DAVID JARA RAMIREZ,1.2,CUENTA
2025-05-09 12:29:00,TRANSFERENCIA DIRECTA A VELASTEGUI PEREZ MATEO SEBASTIAN,-5.55,CUENTA
2025-05-09 13:29:00,TRANSFERENCIA DIRECTA A FOUNES PINTO GIOVANNY FRANCISCO,-3.0,CUENTA
2025-05-09 13:42:00,TRANSFERENCIA DIRECTA A JIMENEZ EGAS LEANDRO IVAN,-1.0,CUENTA
2025-05-09 14:43:00,TRANSFERENCIA DIRECTA A FLORES VISTIN ARIEL ALEJANDRO,-5.0,CUENTA
2025-05-09 17:34:00,TRANSFERENCIA INTERBANCARIA A ARACELI VERONICA ESPARZA BERNAL,-0.9,CUENTA
2025-05-12 15:05:00,TRANSFERENCIA DIRECTA A ERAZO UNDA JUAN DAVID,-2.0,CUENTA
2025-05-12 15:31:00,TRANSFERENCIA DIRECTA A CHANCUSIG NACIMBA FAUSTO ADRIAN,-3.0,CUENTA
2025-05-12 17:30:00,TRANSFERENCIA INTERBANCARIA A CRISTHIAN JHONEL MORENO PANEZO,-0.05,CUENTA
2025-05-12 17:33:00,TRANSFERENCIA DIRECTA A MORENO PANEZO CRISTHIAN JHONEL,-0.01,CUENTA
2025-05-12 17:43:00,TRANSFERENCIA DIRECTA A MORENO PANEZO CRISTHIAN JHONEL,-0.05,CUENTA
2025-05-12 09:43:00,TRANSFERENCIA DIRECTA A PANILUISA CHICAIZA EDISON ORLANDO,-2.5,CUENTA
2025-05-12 10:50:00,TRANSFERENCIA INTERBANCARIA A LAURA SUSANA CAMPOS LOOR,-2.5,CUENTA
2025-05-12 12:20:00,TRANSFERENCIA INTERBANCARIA A GREGORY ALESSANDRO ARIAS VACA,-3.25,CUENTA
2025-05-12 21:24:00,CERTIFICADO DE DEPOSITO,-27000.0,CUENTA
2025-05-13 10:32:00,TRANSFERENCIA INTERBANCARIA A JAIRO SANTIAGO UBILLUZ ORTIZ,-2.0,CUENTA
2025-05-13 11:49:00,TRANSFERENCIA DIRECTA DE JOSE GONZALO ARCENTALES VALENZUELA,1.0,CUENTA
2025-05-13 11:50:00,TRANSFERENCIA DIRECTA A ARCENTALES VALENZUELA JOSE GONZALO,-1.0,CUENTA
2025-05-14 12:31:00,TRANSFERENCIA INTERBANCARIA A GREGORY ALESSANDRO ARIAS VACA,-3.25,CUENTA
2025-05-15 11:13:00,TRANSFERENCIA DIRECTA A HONORES JAEN IVES OLIVIA,-4.25,CUENTA
2025-05-15 14:17:00,TRANSFERENCIA INTERBANCARIA ENVIADA,-12.0,CUENTA
2025-05-16 13:40:00,TRANSFERENCIA INTERBANCARIA A GREGORY ALESSANDRO ARIAS VACA,-3.25,CUENTA
2025-05-16 20:40:00,TRANSFERENCIA DIRECTA A PARRALES CARRASCO JIXON IVAN,-8.5,CUENTA
2025-05-19 20:50:00,TRANSFERENCIA INTERBANCARIA A ERICK EDUARDO MOSQUERA HERRERA,-8.28,CUENTA
2025-05-20 12:31:00,TRANSFERENCIA INTERBANCARIA A GREGORY ALESSANDRO ARIAS VACA,-3.25,CUENTA
2025-05-21 10:55:00,TRANSFERENCIA DIRECTA A VELASTEGUI PEREZ MATEO SEBASTIAN,-3.99,CUENTA
2025-05-21 11:11:00,TRANSFERENCIA DIRECTA DE JUAN JOSE NAVARRETE COUTO,2.0,CUENTA
2025-05-22 10:10:00,TRANSFERENCIA DIRECTA DE ARCINIEGA BASANTES PAULINA MARIA,110.0,CUENTA
2025-05-22 12:59:00,TRANSFERENCIA DIRECTA A ATIENCIA COLLAGUAZO CARLA ESTEFANIA,-4.75,CUENTA
2025-05-27 14:53:00,TRANSFERENCIA INTERBANCARIA A GREGORY ALESSANDRO ARIAS VACA,-3.0,CUENTA
2025-05-28 09:55:00,TRANSFERENCIA DIRECTA A HONORES JAEN IVES OLIVIA,-2.75,CUENTA
2025-05-28 12:40:00,TRANSFERENCIA DIRECTA A GUEVARA OLMEDO MATEO NICOLAS,-0.69,CUENTA
2025-05-30 14:33:00,TRANSFERENCIA DIRECTA DE GABRIEL NICOLAS NARANJO FREIRE,1.65,CUENTA
2025-05-30 14:36:00,TRANSFERENCIA INTERBANCARIA A ELSA SUSANA PENA CEPEDA,-4.75,CUENTA
2025-05-30 15:28:00,TRANSFERENCIA INTERBANCARIA A ELSA SUSANA PENA CEPEDA,-6.5,CUENTA
2025-05-30 16:02:00,TRANSFERENCIA DIRECTA DE MARCO ALEJANDRO BENITEZ CADENA,1.66,CUENTA
2025-05-30 17:22:00,TRANSFERENCIA DIRECTA A ARCOS MEZA PAUL MATEO,-1.25,CUENTA
2025-06-02 21:01:00,TRANSFERENCIA INTERBANCARIA A MONICA CRISTINA ARAUJO BALDEON,-15.9,CUENTA
2025-06-02 10:10:00,TRANSFERENCIA INTERBANCARIA A LAURA SUSANA CAMPOS LOOR,-2.5,CUENTA
2025-06-03 10:58:00,TRANSFERENCIA DIRECTA A LAGOS MORALES DIELA ESPERANZA,-1.6,CUENTA
2025-06-04 14:08:00,TRANSFERENCIA INTERBANCARIA A GREGORY ALESSANDRO ARIAS VACA,-3.25,CUENTA
2025-06-06 12:22:00,TRANSFERENCIA INTERBANCARIA A LAURA SUSANA CAMPOS LOOR,-2.5,CUENTA
2025-06-06 14:54:00,TRANSFERENCIA DIRECTA A FOUNES PINTO GIOVANNY FRANCISCO,-3.0,CUENTA
2025-06-06 15:23:00,TRANSFERENCIA DIRECTA DE LEANDRO IVAN JIMENEZ EGAS,3.0,CUENTA
2025-06-06 15:24:00,TRANSFERENCIA DIRECTA A FOUNES PINTO GIOVANNY FRANCISCO,-10.0,CUENTA
2025-06-06 17:49:00,TRANSFERENCIA DIRECTA A FOUNES PINTO GIOVANNY FRANCISCO,-10.0,CUENTA
2025-06-09 18:26:00,TRANSFERENCIA INTERBANCARIA A MARTHA SUSANA ECHEVERRIA ARIAS,-0.5,CUENTA
2025-06-09 18:28:00,TRANSFERENCIA INTERBANCARIA A SEGUNDO GALO MORALES PARRA,-1.2,CUENTA
2025-06-10 10:14:00,TRANSFERENCIA DIRECTA A LAGOS MORALES DIELA ESPERANZA,-1.2,CUENTA
2025-06-10 12:15:00,TRANSFERENCIA DIRECTA DE ARCINIEGA BASANTES PAULINA MARIA,428.06,CUENTA
2025-06-10 12:18:00,DEPOSITO,300.0,CUENTA
2025-06-10 13:08:00,TRANSFERENCIA INTERBANCARIA A GREGORY ALESSANDRO ARIAS VACA,-3.25,CUENTA
2025-06-11 12:06:00,TRANSFERENCIA DIRECTA A DE LA CRUZ QUISTANCHALA JORGE SANTIAGO,-12.99,CUENTA
2025-06-11 12:46:00,TRANSFERENCIA INTERBANCARIA A GREGORY ALESSANDRO ARIAS VACA,-3.25,CUENTA
2025-06-12 06:45:00,CANCELACION PLAZO FIJO,27000.0,CUENTA
2025-06-12 06:45:00,CANCELACION PLAZO FIJO,123.23,CUENTA
2025-06-12 06:45:00,RETENCION RENDIMIENTO FINANCIERO,-2.46,CUENTA
2025-06-12 12:44:00,TRANSFERENCIA DIRECTA DE SEBASTIAN MATEO CHICAIZA ERAZO,11.5,CUENTA
2025-06-13 13:59:00,TRANSFERENCIA INTERBANCARIA A GREGORY ALESSANDRO ARIAS VACA,-3.25,CUENTA
2025-06-16 11:57:00,TRANSFERENCIA DIRECTA A ALVAREZ BURBANO DOMENICA MISHELL,-10.0,CUENTA
2025-06-16 10:48:00,TRANSFERENCIA DIRECTA A CONTERON CONTERON FABIOLA,-4.0,CUENTA
2025-06-16 13:07:00,TRANSFERENCIA DIRECTA DE JUAN JOSE NAVARRETE COUTO,2.75,CUENTA
2025-06-16 14:16:00,TRANSFERENCIA INTERBANCARIA A GREGORY ALESSANDRO ARIAS VACA,-3.25,CUENTA
2025-06-17 05:07:00,CANCELACION PLAZO FIJO,10003.0,CUENTA
2025-06-17 05:07:00,TRANSFERENCIA INTERIOR,386.95,CUENTA
2025-06-17 10:57:00,TRANSFERENCIA DIRECTA A LAGOS MORALES DIELA ESPERANZA,-1.6,CUENTA
2025-06-17 12:30:00,TRANSFERENCIA INTERBANCARIA A GREGORY ALESSANDRO ARIAS VACA,-3.0,CUENTA
2025-06-19 12:17:00,TRANSFERENCIA INTERBANCARIA A DILLAN DAVID GONZALEZ VARGAS,-0.8,CUENTA
2025-06-19 12:53:00,TRANSFERENCIA DIRECTA A SILLO MALDONADO JORGE NIBALDO,-8.5,CUENTA
2025-06-19 14:03:00,TRANSFERENCIA INTERBANCARIA A MB MAYFLOWER BUFFALOS S.A GRUPO MB,-8.84,CUENTA
2025-06-19 14:04:00,TRANSFERENCIA INTERBANCARIA A DELI INTERNACIONAL S.A IL CAPPO DI MANGI,-5.99,CUENTA
2025-06-19 15:25:00,TRANSFERENCIA INTERBANCARIA A MINISO ECUADOR S.A. MINISO,-15.99,CUENTA
2025-06-19 16:22:00,TRANSFERENCIA INTERBANCARIA A DILLAN DAVID GONZALEZ VARGAS,-0.8,CUENTA
2025-06-20 11:29:00,TRANSFERENCIA INTERBANCARIA DE GUSTAVO DAVID JARA RAMIREZ,3.0,CUENTA
2025-06-20 12:50:00,TRANSFERENCIA INTERBANCARIA A GUSTAVO DAVID JARA RAMIREZ,-2.0,CUENTA
2025-06-23 16:22:00,TRANSFERENCIA INTERBANCARIA A MINISO ECUADOR S.A. MINISO,-15.99,CUENTA
2025-06-23 20:25:00,TRANSFERENCIA DIRECTA A BENALCAZAR MOSQUERA DAVID MATEO,-5.4,CUENTA
2025-06-23 20:29:00,TRANSFERENCIA INTERBANCARIA A ERICK EDUARDO MOSQUERA HERRERA,-8.81,CUENTA
2025-06-23 10:37:00,TRANSFERENCIA DIRECTA A LOOR BRAVO ARLETH SOLANGE,-18.74,CUENTA
2025-06-23 11:39:00,PAGO TARJETA:  2230670000895647,-20.0,CUENTA
2025-06-23 12:06:00,14385203-MASTERCARD     -RA-223067000075,-216.1,CUENTA
2025-06-23 14:14:00,TRANSFERENCIA INTERBANCARIA A GREGORY ALESSANDRO ARIAS VACA,-3.25,CUENTA
2025-06-24 11:08:00,TRANSFERENCIA INTERBANCARIA A MAURO FIDEL MAINGUEZ LAGOS,-1.6,CUENTA
2025-06-24 12:36:00,TRANSFERENCIA INTERBANCARIA A OSCAR ANDRES PAZ Y MINO RAMIREZ,-12.0,CUENTA
2025-06-24 13:37:00,TRANSFERENCIA INTERBANCARIA A GREGORY ALESSANDRO ARIAS VACA,-3.25,CUENTA
2025-06-24 13:59:00,TRANSFERENCIA DIRECTA DE ARCINIEGA BASANTES PAULINA MARIA,110.0,CUENTA
2025-06-25 18:01:00,TRANSFERENCIA INTERBANCARIA A ADRIANA MICAELA ONA NICOLALDE,-10.0,CUENTA
2025-06-26 10:51:00,TRANSFERENCIA DIRECTA A ARTEAGA CARBAJAL DANIELA ABIGAIL,-1.35,CUENTA
2025-06-26 14:04:00,TRANSFERENCIA INTERBANCARIA A GREGORY ALESSANDRO ARIAS VACA,-3.0,CUENTA
2025-06-27 10:21:00,TRANSFERENCIA INTERBANCARIA A LAURA SUSANA CAMPOS LOOR,-3.5,CUENTA
2025-06-27 14:33:00,TRANSFERENCIA INTERBANCARIA A MB MAYFLOWER BUFFALOS S.A GRUPO MB,-13.97,CUENTA
2025-06-27 17:21:00,TRANSFERENCIA INTERBANCARIA A TRANSACCIONES Y TECNOLOGIA TRANSTEC S.A. TRANSTEC S.A.,-4.5,CUENTA
2025-06-30 10:47:00,TRANSFERENCIA DIRECTA A ALVAREZ BURBANO DOMENICA MISHELL,-25.0,CUENTA
2025-06-30 14:40:00,TRANSFERENCIA DIRECTA A PANILUISA CHICAIZA EDISON ORLANDO,-1.0,CUENTA
2025-07-01 10:35:00,TRANSFERENCIA DIRECTA A LAGOS MORALES DIELA ESPERANZA,-1.6,CUENTA
2025-07-01 13:58:00,TRANSFERENCIA INTERBANCARIA A GREGORY ALESSANDRO ARIAS VACA,-3.25,CUENTA
2025-07-03 16:31:00,TRANSFERENCIA INTERBANCARIA A DEBORA RENATA NAVAS ESTRELLA,-4.0,CUENTA
2025-07-04 12:28:00,TRANSFERENCIA DIRECTA A VELASTEGUI PEREZ MATEO SEBASTIAN,-3.45,CUENTA
2025-07-04 12:45:00,TRANSFERENCIA INTERBANCARIA DE GUSTAVO DAVID JARA RAMIREZ,1.49,CUENTA
2025-07-04 12:45:00,TRANSFERENCIA DIRECTA A VINACHI FLOR DARIO FERNANDO,-3.0,CUENTA
2025-07-07 08:08:00,TRANSFERENCIA DIRECTA A RIVERA CADENA REGINA GANET,-2.75,CUENTA
2025-07-07 15:49:00,TRANSFERENCIA DIRECTA A LAI  YONGPENG,-7.4,CUENTA
2025-07-07 08:38:00,TRANSFERENCIA DIRECTA DE SEBASTIAN MATEO CHICAIZA ERAZO,13.0,CUENTA
2025-07-07 13:44:00,TRANSFERENCIA INTERBANCARIA A GREGORY ALESSANDRO ARIAS VACA,-9.75,CUENTA
2025-07-08 12:17:00,TRANSFERENCIA INTERBANCARIA A GREGORY ALESSANDRO ARIAS VACA,-3.25,CUENTA
2025-07-09 10:24:00,TRANSFERENCIA DIRECTA A CHANCUSIG NACIMBA FAUSTO ADRIAN,-0.75,CUENTA
2025-07-09 13:11:00,TRANSFERENCIA DIRECTA A CEVALLOS ALARCON EMILY CAROLINA,-3.25,CUENTA
2025-07-10 13:43:00,TRANSFERENCIA INTERBANCARIA A GREGORY ALESSANDRO ARIAS VACA,-3.0,CUENTA
2025-07-11 10:17:00,TRANSFERENCIA INTERBANCARIA A SILVIA LILIANA TIPANTA CHUQUITARCO,-2.5,CUENTA
2025-07-11 10:27:00,TRANSFERENCIA INTERBANCARIA A ADRIAN LEONARDO ROSERO CORELLA,-1.5,CUENTA
2025-07-11 13:58:00,TRANSFERENCIA DIRECTA A TIOGA CORPORATION,-2.5,CUENTA
2025-07-11 17:27:00,TRANSFERENCIA INTERBANCARIA A ERIKA CRISTINA DELGADO FLORES,-2.75,CUENTA
2025-07-14 14:37:00,TRANSFERENCIA INTERBANCARIA A GREGORY ALESSANDRO ARIAS VACA,-3.0,CUENTA
2025-07-14 12:39:00,TRANSFERENCIA INTERBANCARIA A GREGORY ALESSANDRO ARIAS VACA,-3.25,CUENTA
2025-07-15 14:43:00,TRANSFERENCIA INTERBANCARIA A GREGORY ALESSANDRO ARIAS VACA,-3.0,CUENTA
2025-07-16 09:14:00,TRANSFERENCIA DIRECTA A HONORES JAEN IVES OLIVIA,-3.25,CUENTA
2025-07-16 19:25:00,TRANSFERENCIA DIRECTA A VILLAFUERTE CASTRO MARIA FERNANDA,-7.99,CUENTA
2025-07-18 13:03:00,TRANSFERENCIA DIRECTA DE CRISTHIAN JHONEL MORENO PANEZO,13.5,CUENTA
2025-07-18 13:04:00,TRANSFERENCIA DIRECTA DE MATEO NICOLAS GUEVARA OLMEDO,13.5,CUENTA
2025-07-18 13:05:00,TRANSFERENCIA DIRECTA DE PAULA ANDREA ORAMAS VALLADARES,23.0,CUENTA
2025-07-18 15:44:00,TRANSFERENCIA INTERBANCARIA A JORDY ALEXANDER MORALES PROANO,-1.0,CUENTA
2025-07-18 15:47:00,TRANSFERENCIA INTERBANCARIA A JORDY ALEXANDER MORALES PROANO,-1.0,CUENTA
2025-07-18 18:45:00,TRANSFERENCIA DIRECTA A PROANO CHULDE BRYAN ARIEL,-1.0,CUENTA
2025-07-21 20:20:00,2507211XGVNA-MASTE BP-REC-22306700007562,-248.82,CUENTA
2025-07-21 09:34:00,PAGO TARJETA:  2230670000895647,-20.0,CUENTA
2025-07-21 10:41:00,TRANSFERENCIA DIRECTA A TOAPANTA TENORIO ERNESTO LEONIDAS,-3.5,CUENTA
2025-07-21 15:18:00,TRANSFERENCIA INTERBANCARIA A AMPARITO DEL ROCIO ERAZO TOAZO,-2.5,CUENTA
2025-07-23 14:14:00,TRANSFERENCIA INTERBANCARIA A MARIA DE LOS ANGELES SANDOVAL DOMINGUEZ,-10.5,CUENTA
2025-07-23 14:54:00,TRANSFERENCIA INTERBANCARIA A FRANCISCO FERNANDO SALVADOR VILLACIS,-0.8,CUENTA
2025-07-23 17:39:00,TRANSFERENCIA INTERBANCARIA A HERNANDEZ CARLOS MANUEL HERNANDEZ,-7.0,CUENTA
2025-07-24 07:47:00,TRANSFERENCIA DIRECTA A ORBEA NOVILLO MARTHA IRENE,-4.75,CUENTA
2025-07-24 15:10:00,TRANSFERENCIA INTERBANCARIA A ROSA MAGALI PALMA LOOR,-4.5,CUENTA
2025-07-25 16:06:00,TRANSFERENCIA INTERBANCARIA A DELI INTERNACIONAL S A IL CAPPO DI MANGI,-9.98,CUENTA
2025-07-28 19:01:00,TRANSFERENCIA INTERBANCARIA A FABIOLA BERENICE TORRES GONZALEZ,-4.5,CUENTA
2025-07-28 19:26:00,TRANSFERENCIA INTERBANCARIA A XIMENA PATRICIA HARO ORTEGA,-3.0,CUENTA
2025-07-28 13:14:00,TRANSFERENCIA DIRECTA DE ARCINIEGA BASANTES PAULINA MARIA,50.0,CUENTA
2025-07-29 13:59:00,TRANSFERENCIA INTERBANCARIA A GREGORY ALESSANDRO ARIAS VACA,-3.25,CUENTA
2025-07-29 21:23:00,TRANSFERENCIA DIRECTA A RAMOS SALAZAR ANDREA PATRICIA,-80.0,CUENTA
2025-07-31 14:03:00,TRANSFERENCIA DIRECTA DE ARCENTALES ARCINIEGA ARIANNA NICOLE,10.4,CUENTA
2025-08-04 16:58:00,TRANSFERENCIA INTERBANCARIA A MARIA EMILIA CORREA RODRIGUEZ,-1.0,CUENTA
2025-08-04 14:23:00,TRANSFERENCIA INTERBANCARIA A GREGORY ALESSANDRO ARIAS VACA,-5.5,CUENTA
2025-08-05 13:29:00,TRANSFERENCIA INTERBANCARIA A GREGORY ALESSANDRO ARIAS VACA,-3.25,CUENTA
2025-08-06 15:28:00,TRANSFERENCIA DIRECTA A MAVARE ARROYO JORGE ISAAC,-17.0,CUENTA
2025-08-06 16:30:00,TRANSFERENCIA INTERBANCARIA A CELIA MERCEDES MENA JACOME,-10.0,CUENTA
2025-08-07 08:15:00,TRANSFERENCIA INTERBANCARIA A MARIA KATIUSKA ZAMBRANO CEDENO,-4.0,CUENTA
2025-08-07 14:28:00,TRANSFERENCIA INTERBANCARIA A VERDE MOJADO RESTAURANT,-10.0,CUENTA
2025-08-08 15:45:00,TRANSFERENCIA INTERBANCARIA A MARLON BOLIVAR CRESPO ALBAN,-11.0,CUENTA
2025-08-12 10:05:00,TRANSFERENCIA DIRECTA DE ARCENTALES ARCINIEGA ARIANNA NICOLE,20.0,CUENTA
2025-08-12 17:06:00,TRANSFERENCIA INTERBANCARIA A RESTAURANTE FLIPPER,-9.0,CUENTA
2025-08-12 23:25:00,TRANSFERENCIA DIRECTA A CABEZA FALCONI JENNIFER SAMIRA,-12.0,CUENTA
2025-08-12 23:35:00,CERTIFICADO DE DEPOSITO,-38000.0,CUENTA
2025-08-12 13:42:00,TRANSFERENCIA INTERBANCARIA A MECHITA RESTAURANT,-13.0,CUENTA
2025-08-12 20:01:00,TRANSFERENCIA DIRECTA A NAVARRETE COUTO JUAN JOSE,-12.0,CUENTA
2025-08-12 18:35:00,TRANSFERENCIA DIRECTA A SIGCHO CASTILLO ANGELA CAROLINA,-3.0,CUENTA
2025-08-14 13:37:00,TRANSFERENCIA INTERBANCARIA A ERIKA CRISTINA DELGADO FLORES,-2.75,CUENTA
2025-08-14 15:14:00,TRANSFERENCIA DIRECTA A PULLAS URIBE ROSA CECILIA,-15.0,CUENTA
2025-08-15 16:36:00,TRANSF. DIRECTA A FOUNES  PINTO GIOVANNY FRANCISCO,-3.0,CUENTA
2025-08-15 17:08:00,TRANSF. DIRECTA A JIMENEZ  EGAS LEANDRO IVAN,-5.0,CUENTA
2025-08-15 19:31:00,TRANSF. DIRECTA A PEREZ  GARCIA LILIANA PATRICIA,-1.6,CUENTA
2025-08-20 18:00:00,TRANSF. DEUNA A ROSA MAGALI PALMA LOOR,-10.75,CUENTA
2025-08-20 20:48:00,TRANSF. DIRECTA A PANILUISA  CHICAIZA EDISON ORLANDO,-13.8,CUENTA
2025-08-21 09:32:00,PAGO TARJETA:  2230670000895647,-20.0,CUENTA
2025-09-01 09:11:00,TRANSF. DIRECTA A PANILUISA  CHICAIZA EDISON ORLANDO,-3.4,CUENTA
2025-09-01 14:29:00,TRANSF. DEUNA A ERICK EDUARDO MOSQUERA HERRERA,-6.75,CUENTA
2025-09-02 14:25:00,TRANSF. DEUNA A GREGORY ALESSANDRO ARIAS VACA,-3.25,CUENTA
2025-09-03 13:46:00,TRANSF. DEUNA A ERICK EDUARDO MOSQUERA HERRERA,-3.75,CUENTA
2025-09-04 09:17:00,TRANSF. DIRECTA A VERKADE  MONTIEL DOMINIQUE LOURDES,-72.51,CUENTA
2025-09-05 13:11:00,TRANSF. DEUNA A DISTRIBUIDORA FARMACEUTICA ECUATORIANA DIFARE S A PHARMACYS,-13.74,CUENTA
2025-09-05 13:19:00,TRANSF. DIRECTA A SANCHEZ  JARA DAISY ELIZABETH,-4.0,CUENTA
2025-09-09 12:47:00,TRANSF. DEUNA A GREGORY ALESSANDRO ARIAS VACA,-3.25,CUENTA
2025-09-10 13:00:00,TRANSF. DIRECTA A SANCHEZ  JARA DAISY ELIZABETH,-4.0,CUENTA
2025-09-11 14:03:00,TRANSF. DEUNA A GREGORY ALESSANDRO ARIAS VACA,-3.0,CUENTA
2025-09-12 04:20:00,CANCELACION PLAZO FIJO,38000.0,CUENTA
2025-09-12 04:20:00,TRANSFERENCIA INTERIOR,116.16,CUENTA
2025-09-12 04:20:00,RETENCION RENDIMIENTO FINANCIERO,-2.32,CUENTA
2025-09-12 13:17:00,TRANSF. DIRECTA A SANCHEZ  JARA DAISY ELIZABETH,-3.75,CUENTA
2025-09-15 12:30:00,TRANSF. DIRECTA A SANCHEZ  JARA DAISY ELIZABETH,-3.75,CUENTA
2025-09-16 12:44:00,TRANSF. DIRECTA A SANCHEZ  JARA DAISY ELIZABETH,-3.75,CUENTA
2025-09-16 14:18:00,TRANSF. DIRECTA A RIVERA  NICOLALDE ALEJANDRO PATRICIO,-20.0,CUENTA
2025-09-17 12:49:00,TRANSF. DIRECTA A SANCHEZ  JARA DAISY ELIZABETH,-4.0,CUENTA
2025-09-18 12:13:00,TRANSF. DIRECTA A VILLEGAS  GARCIA MIGUEL ANGEL,-9.65,CUENTA
2025-09-18 12:25:00,TRANSF. DEUNA A ROSA VERONICA MALLA MANZANO,-12.0,CUENTA
2025-09-18 12:38:00,TRANSF. DEUNA A LA CASA DE PAPEL,-0.5,CUENTA
2025-09-18 12:44:00,TRANSF. DEUNA A ERIKA ESTEFANIA MORALES TUPIZA,-6.0,CUENTA
2025-09-18 13:32:00,TRANSF. DIRECTA A SANCHEZ  JARA DAISY ELIZABETH,-7.5,CUENTA
2025-09-19 11:52:00,TRANSF. DEUNA A DANNY ALEXIS LEON CHACON,-20.0,CUENTA
2025-09-19 12:13:00,TRANSF. DEUNA A A I INTERNATIONAL TRADING DERMASOFT CIA LTDA DERMASOFT,-18.07,CUENTA
2025-09-19 13:26:00,TRANSF. DIRECTA A SANCHEZ  JARA DAISY ELIZABETH,-3.75,CUENTA
2025-09-19 20:00:00,TRANSF. DIRECTA A PALACIOS  VELASCO ALEX ROBERTO,-3.55,CUENTA
2025-09-19 20:28:00,TRANSF. DIRECTA DE PAUL MATEO ARCOS MEZA,9.1,CUENTA
2025-09-19 22:14:00,TRANSF. DIRECTA A MARIN  CABRERA JHONNY FERNANDO,-1.0,CUENTA
2025-09-22 05:06:00,TRANSF. DIRECTA A TOAQUIZA  VEGA JONATHAN PATRICIO,-1.0,CUENTA
2025-09-22 21:51:00,2509221XGVNA-MASTE BP-REC-22306700007562,-409.71,CUENTA
2025-09-22 10:03:00,TRANSF. DIRECTA DE ARCINIEGA BASANTES PAULINA MARIA,110.0,CUENTA
2025-09-25 05:01:00,CANCELACION PLAZO FIJO,7317.0,CUENTA
2025-09-25 05:01:00,TRANSFERENCIA INTERIOR,167.68,CUENTA
2025-09-25 05:01:00,RETENCION RENDIMIENTO FINANCIERO,-3.35,CUENTA
2025-09-25 13:08:00,TRANSF. DEUNA A GREGORY ALESSANDRO ARIAS VACA,-3.0,CUENTA
2025-10-01 13:51:00,TRANSF. DEUNA A JESSENIA PATRICIA DELGADO ZAMBRANO,-7.9,CUENTA
2025-10-02 06:30:00,PAGO TARJETA INTERBANCARIA ENVIADA,-6.38,CUENTA
2025-10-02 13:40:00,TRANSF. DEUNA A ENRIQUE JAVIER VIERA MENDOZA,-4.25,CUENTA
2025-10-03 13:24:00,TRANSF. DIRECTA A CEVALLOS  ALARCON EMILY CAROLINA,-3.25,CUENTA
2025-10-06 09:43:00,TRANSF. DIRECTA A VILLACRES  CARRILLO ALICIA,-2.25,CUENTA
2025-10-06 14:39:00,TRANSF. DEUNA A ENRIQUE JAVIER VIERA MENDOZA,-7.5,CUENTA
2025-10-06 19:48:00,TRANSF. DIRECTA DE ARCENTALES ARCINIEGA ARIANNA NICOLE,25.0,CUENTA
2025-10-06 19:50:00,TRANSF. DIRECTA DE ARCENTALES ARCINIEGA ARIANNA NICOLE,25.0,CUENTA
2025-10-07 11:45:00,TRANSF. DIRECTA A PAZMIÑO  ESTRADA MAURICIO VICENTE,-2.0,CUENTA
2025-10-08 21:25:00,TRANSF. DEUNA A FABIOLA BERENICE TORRES GONZALEZ,-6.0,CUENTA
2025-10-13 10:31:00,TRANSF. DIRECTA A VILLACRES  CARRILLO ALICIA,-2.25,CUENTA
2025-10-13 13:04:00,TRANSF. DIRECTA A CHICHANDA  LOOR BETTY FABIOLA,-4.0,CUENTA
2025-10-13 17:07:00,TRANSF. DIRECTA A PANILUISA  CHICAIZA EDISON ORLANDO,-2.2,CUENTA
2025-10-13 17:20:00,TRANSF. DIRECTA DE ARCENTALES ARCINIEGA ARIANNA NICOLE,2.2,CUENTA
2025-10-13 23:30:00,TRANSF. DIRECTA A RUIZ  RIVERA JUAN DIEGO,-1.0,CUENTA
2025-10-15 13:00:00,TRANSF. DEUNA A ERICK EDUARDO MOSQUERA HERRERA,-4.0,CUENTA
2025-10-16 10:34:00,TRANSF. DIRECTA A SANCHEZ  VARELA CAROLINA ELIZABETH,-4.75,CUENTA
2025-10-16 10:56:00,TRANSF. DIRECTA A ANDRADE  PALADINES DANAHE,-2.25,CUENTA
2025-10-17 19:20:00,TRANSF. DEUNA A ROSA VERONICA MALLA MANZANO,-6.5,CUENTA
2025-10-20 14:52:00,TRANSF. DEUNA A SONIA ESTEFANY MEJIA GUERRON,-1.0,CUENTA
2025-10-21 09:32:00,PAGO TARJETA:  2230670000895647,-20.0,CUENTA
2025-10-21 12:40:00,TRANSF. INTERBANCARIA DE GUSTAVO DAVID JARA RAMIREZ,2.5,CUENTA
2025-10-21 12:42:00,TRANSF. DEUNA A AGROMIRO EC S A AGROMIRO EC,-5.85,CUENTA
2025-10-21 13:12:00,TRANSF. DIRECTA A PAZMIÑO  ESTRADA MAURICIO VICENTE,-2.4,CUENTA
2025-10-22 13:02:00,TRANSF. DIRECTA A CALERO  SANCHEZ DIEGO FERNANDO,-2.75,CUENTA
2025-10-22 15:09:00,TRANSF. DIRECTA A LAVERDE  MUÑOZ JORGE DAVID,-16.0,CUENTA
2025-10-23 14:09:00,TRANSF. DEUNA A ERICK EDUARDO MOSQUERA HERRERA,-4.0,CUENTA
2025-10-24 13:04:00,TRANSF. DEUNA A ERICK EDUARDO MOSQUERA HERRERA,-4.0,CUENTA
2025-10-24 20:30:00,2510271XGVNA-MASTE BP-REC-54660500045502,-3267.0,CUENTA
2025-10-24 21:31:00,TRANSF. DIRECTA A MONTALVO  VALDIVIEZO FABRICIO SEBASTIAN,-25.0,CUENTA
2025-10-27 02:54:00,TRANSF. DIRECTA DE MONTALVO VALDIVIEZO FABRICIO SEBASTIAN,7.0,CUENTA
2025-10-27 03:00:00,TRANSF. DIRECTA A RAMIREZ  MATUTE ESTELITA OLINDA,-44.0,CUENTA
2025-10-28 12:12:00,TRANSF. DEUNA A AGROMIRO EC S A AGROMIRO EC,-3.5,CUENTA
2025-10-28 12:39:00,TRANSF. DEUNA A MAURO FIDEL MAINGUEZ LAGOS,-1.6,CUENTA
2025-10-29 13:22:00,TRANSF. DIRECTA A MOSQUERA  HERRERA ERICK EDUARDO,-4.0,CUENTA
2025-10-30 12:40:00,TRANSFERENCIA INTERBANCARIA ENVIADA,-3.75,CUENTA
2025-10-31 14:11:00,TRANSF. DIRECTA A FOUNES  PINTO GIOVANNY FRANCISCO,-3.0,CUENTA
2025-11-05 13:34:00,2511051XGVNA-MASTE BP-REC-22306700007562,-141.95,CUENTA
2025-11-05 12:46:00,TRANSF. DEUNA A ERICK EDUARDO MOSQUERA HERRERA,-4.0,CUENTA
2025-11-06 07:21:00,TRANSF. DIRECTA A PAZMIÑO  VALLEJO NORMA ISABEL,-50.0,CUENTA
2025-11-06 09:00:00,TRANSF. DIRECTA A ANDRADE  PALADINES DANAHE,-0.75,CUENTA
2025-11-06 09:07:00,TRANSF. DIRECTA DE ARCINIEGA BASANTES PAULINA MARIA,110.0,CUENTA
2025-11-06 09:08:00,TRANSF. DIRECTA DE ARCINIEGA BASANTES PAULINA MARIA,75.0,CUENTA
2025-11-06 12:54:00,TRANSF. DEUNA A ERICK EDUARDO MOSQUERA HERRERA,-4.0,CUENTA
2025-11-06 18:22:00,COBRO DE IVA POR PAGO DE SERVICIOS BANCARIOS,-0.05,CUENTA
2025-11-06 18:22:00,PAGO TARJETA INTERBANCARIA ENVIADA,-2.51,CUENTA
2025-11-07 13:29:00,TRANSF. DIRECTA A ENCALADA  ENCALADA OSMAN FREDDY,-10.0,CUENTA
2025-11-07 19:32:00,TRANSF. DIRECTA A ENCALADA  ENCALADA OSMAN FREDDY,-11.0,CUENTA
2025-11-07 19:56:00,TRANSF. DIRECTA A LOS HOT DOGS DE LA GONZALEZ SUAREZ HOTDOGS S.A.S,-7.99,CUENTA
2025-11-11 12:23:00,TRANSF. DEUNA A AGROMIRO EC S A AGROMIRO EC,-5.85,CUENTA
2025-11-11 12:24:00,TRANSF. INTERBANCARIA DE GUSTAVO DAVID JARA RAMIREZ,2.5,CUENTA
2025-11-11 12:25:00,TRANSF. INTERBANCARIA DE GUSTAVO DAVID JARA RAMIREZ,39.0,CUENTA
2025-11-11 12:25:00,TRANSF. DEUNA A GUSTAVO DAVID JARA RAMIREZ,-38.0,CUENTA
2025-11-11 12:57:00,TRANSF. DIRECTA A CAIZA  ESPINOSA NARCIZA DEL PILAR,-40.0,CUENTA
2025-11-12 13:49:00,TRANSF. DIRECTA A VALLEJO  TRUJILLO JANETH ESTHER,-1.5,CUENTA
2025-11-13 12:29:00,TRANSF. DEUNA A JESSENIA PATRICIA DELGADO ZAMBRANO,-3.95,CUENTA
2025-11-14 14:37:00,TRANSFERENCIA INTERBANCARIA ENVIADA,-2.5,CUENTA
2025-11-14 18:51:00,15341620-NOVAECUADOR    -3V-TU BANCA PRO,-45.07,CUENTA
2025-11-14 20:58:00,TRANSFERENCIA INTERBANCARIA ENVIADA,-3.0,CUENTA
2025-11-17 09:34:00,TRANSF. DIRECTA A PANILUISA  CHICAIZA EDISON ORLANDO,-2.13,CUENTA
2025-11-17 13:18:00,TRANSF. DIRECTA A MEDIAVILLA  MORALES CORINA JEANETTE,-8.0,CUENTA
2025-11-17 09:56:00,TRANSF. DIRECTA A ULLOA  HALLO MILTON ANIBAL,-1.5,CUENTA
2025-11-17 10:52:00,RETIRO DE EFECTIVO SIN TARJETA DE 0979344605 EN CAJERO AUTOMÁTICO  - AV 9 DE OCTUBRE   AV ORELLANA,-30.0,CUENTA
2025-11-18 19:10:00,CERTIFICADO DE DEPOSITO,-10419.0,CUENTA
2025-11-18 19:12:00,CERTIFICADO DE DEPOSITO,-4214.0,CUENTA
2025-11-18 19:14:00,CERTIFICADO DE DEPOSITO,-27000.0,CUENTA
2025-11-19 12:43:00,TRANSF. DEUNA A JESSENIA PATRICIA DELGADO ZAMBRANO,-3.95,CUENTA
2025-11-21 09:33:00,PAGO TARJETA:  2230670000895647,-20.0,CUENTA
2025-11-21 14:10:00,TRANSF. DEUNA A EMILY CAROLINA CEVALLOS ALARCON,-3.25,CUENTA
2025-11-24 10:32:00,TRANSF. DIRECTA A VILLACRES  CARRILLO ALICIA,-6.0,CUENTA
2025-11-24 16:41:00,TRANSF. DEUNA A MARTHA IRENE ORBEA NOVILLO,-2.0,CUENTA
2025-11-24 19:33:00,TRANSF. DIRECTA DE ARCINIEGA BASANTES PAULINA MARIA,180.0,CUENTA
2025-11-24 19:34:00,TRANSF. DIRECTA DE ARCINIEGA BASANTES PAULINA MARIA,654.89,CUENTA
2025-11-25 07:59:00,TRANSF. DIRECTA DE ARCINIEGA BASANTES PAULINA MARIA,40.0,CUENTA
2025-11-26 15:36:00,TRANSF. DEUNA A ROSA CECILIA PULLAS URIBE,-12.0,CUENTA
2025-11-27 13:15:00,TRANSF. DEUNA A JESSENIA PATRICIA DELGADO ZAMBRANO,-3.5,CUENTA
2025-11-28 11:54:00,TRANSF. DIRECTA A MARTINEZ  VIZUETE KEVIN DANIEL,-8.0,CUENTA
2025-11-28 11:55:00,TRANSF. INTERBANCARIA DE GUSTAVO DAVID JARA RAMIREZ,3.75,CUENTA
2025-11-28 17:26:00,TRANSF. DEUNA A DANIEL LARREA LUNA,-10.0,CUENTA
2025-12-01 20:15:00,TRANSF. DIRECTA A PANILUISA  CHICAIZA EDISON ORLANDO,-5.1,CUENTA
2025-12-01 09:23:00,TRANSF. DIRECTA A VILLACRES  CARRILLO ALICIA,-7.25,CUENTA
2025-12-01 09:35:00,TRANSF. DIRECTA A CALLE  JACHO MARIA ALEJANDRA,-2.0,CUENTA
2025-12-01 09:45:00,TRANSF. DEUNA A BODEGA SAN LUKAS,-10.0,CUENTA
2025-12-01 09:45:00,TRANSF. DEUNA A ESTEFANY MICAELA MACAS QUILCA,-2.0,CUENTA
2025-12-01 09:57:00,TRANSF. DEUNA A RICARDO ISRAEL FONSECA MONTALVO,-3.5,CUENTA
2025-12-01 10:01:00,TRANSF. DEUNA A MARIA CRISTINA TAPIA LEON,-1.0,CUENTA
2025-12-01 12:54:00,TRANSF. DEUNA A JESSENIA PATRICIA DELGADO ZAMBRANO,-3.5,CUENTA
2025-12-04 10:47:00,TRANSF. DIRECTA A ALVAREZ  BURBANO DOMENICA MISHELL,-4.0,CUENTA
2025-12-04 13:12:00,2512041XGVNA-MASTE BP-REC-22306700007562,-206.37,CUENTA
2025-12-04 13:21:00,TRANSF. DEUNA A JESSENIA PATRICIA DELGADO ZAMBRANO,-3.95,CUENTA
2025-12-05 04:17:00,TRANSF. DIRECTA A BAYAS  CHACHA ALICIA LILIANA,-3.0,CUENTA
2025-12-05 04:50:00,TRANSF. DIRECTA A BAYAS  CHACHA ALICIA LILIANA,-3.0,CUENTA
2025-12-05 06:08:00,TRANSF. DIRECTA A TUQUINGA  TUQUINGA SEGUNDO JACINTO,-0.5,CUENTA
2025-12-08 12:31:00,TRANSF. DIRECTA A CHICHANDA  LOOR BETTY FABIOLA,-8.0,CUENTA
2025-12-08 21:22:00,TRANSF. DIRECTA A LINCANGO  MURILLO RUTH LORENA,-2.5,CUENTA
2025-12-08 05:43:00,TRANSF. DIRECTA A CASTRO  PUENTES JHOE ABRAHAM,-10.0,CUENTA
2025-12-08 08:37:00,TRANSF. DIRECTA A FLORES  FLORES JEANNETH CRISTINA,-2.5,CUENTA
2025-12-08 14:48:00,TRANSF. DEUNA A JESSENIA PATRICIA DELGADO ZAMBRANO,-3.5,CUENTA
2025-12-09 12:13:00,TRANSF. DIRECTA A DAZA  ROMERO GINA SORAYA DE LOS ANGELES,-2.5,CUENTA
2025-12-12 10:19:00,TRANSF. DIRECTA DE ARCENTALES ARCINIEGA ARIANNA NICOLE,25.0,CUENTA
2025-12-12 13:41:00,TRANSF. DEUNA A MEI WAH RESTAURANTE,-10.55,CUENTA
2025-12-12 13:44:00,TRANSF. DIRECTA DE CRISTHIAN JHONEL MORENO PANEZO,3.99,CUENTA
2025-12-15 13:24:00,TRANSF. DEUNA A GREGORY ALESSANDRO ARIAS VACA,-6.5,CUENTA
2025-12-15 13:00:00,TRANSF. DIRECTA A DELGADO  ALMEIDA JOEL RICARDO,-10.8,CUENTA
2025-12-15 10:18:00,TRANSF. DIRECTA A PEREZ  GARCIA LILIANA PATRICIA,-4.0,CUENTA
2025-12-15 12:23:00,TRANSF. DEUNA A MARIA DIGNA EMERITA PASPUEL ISIZAN,-5.0,CUENTA
2025-12-16 09:05:00,PAGO TARJETA DE CREDITO MASTERCARD BANCO PICHINCHA  22306700007562,-163.72,CUENTA
2025-12-17 13:11:00,TRANSF. DEUNA A JESSENIA PATRICIA DELGADO ZAMBRANO,-3.95,CUENTA
2025-12-18 16:09:00,TRANSF. DEUNA A JORGE DAVID LAVERDE MUNOZ,-16.0,CUENTA
2025-12-18 17:04:00,TRANSF. DEUNA A LIBRERIA STUDIUM CIA LTDA LIBRERIA STUDIUM CIA LTDA,-34.0,CUENTA
2025-12-19 06:39:00,CANCELACION PLAZO FIJO,27000.0,CUENTA
2025-12-19 06:39:00,TRANSFERENCIA INTERIOR,67.43,CUENTA
2025-12-19 06:39:00,RETENCION 2% RENDIMIENTO FINANCIERO,-1.35,CUENTA
2025-12-19 09:48:00,TRANSF. DEUNA A LESSLY JHOANA SALCAN TIPANTA,-1.0,CUENTA
2025-12-22 08:59:00,CANCELACION PLAZO FIJO,10419.0,CUENTA
2025-12-22 08:59:00,TRANSFERENCIA INTERIOR,28.54,CUENTA
2025-12-22 08:59:00,RETENCION 2% RENDIMIENTO FINANCIERO,-0.57,CUENTA
2025-12-22 13:10:00,TRANSF. DIRECTA A CHICHANDA  LOOR BETTY FABIOLA,-4.0,CUENTA
2025-12-22 11:20:00,TRANSF. DIRECTA DE ARCINIEGA BASANTES PAULINA MARIA,110.0,CUENTA
2025-12-22 11:30:00,TRANSF. DIRECTA DE ARCINIEGA BASANTES PAULINA MARIA,75.0,CUENTA
2025-12-22 11:32:00,TRANSF. DIRECTA A SOSA  LOROÑA ANTHONY SEBASTIAN,-1.0,CUENTA
2025-12-22 11:34:00,TRANSF. DIRECTA A SOSA  LOROÑA ANTHONY SEBASTIAN,-1.5,CUENTA
2025-12-22 12:55:00,TRANSF. DIRECTA DE ARCINIEGA BASANTES PAULINA MARIA,45.0,CUENTA
2025-12-22 13:15:00,TRANSF. DIRECTA A FOUNES  PINTO GIOVANNY FRANCISCO,-1.0,CUENTA
2025-12-22 14:12:00,TRANSF. DIRECTA A PEREZ  GARCIA LILIANA PATRICIA,-2.0,CUENTA
2025-12-22 14:26:00,TRANSF. DIRECTA A JIMENEZ  EGAS LEANDRO IVAN,-6.0,CUENTA
2025-12-23 13:04:00,TRANSF. DEUNA A SUSANA VALLA TENESACA,-1.0,CUENTA
2025-12-23 18:36:00,TRANSF. DEUNA A NORALMA CECIBELL MENDOZA ANDRADE,-16.0,CUENTA
2025-12-23 19:20:00,TRANSF. DIRECTA A CHIPANTASI  IBAÑEZ NELLY MARIBEL,-1.0,CUENTA
2025-12-24 10:29:00,TRANSF. DIRECTA A VILLACRES  CARRILLO ALICIA,-2.0,CUENTA
2025-12-24 14:10:00,TRANSF. DEUNA A JESSENIA PATRICIA DELGADO ZAMBRANO,-6.5,CUENTA
2025-12-26 10:27:00,TRANSF. DIRECTA A VILLACRES  CARRILLO ALICIA,-6.0,CUENTA
2025-12-26 19:49:00,COBRO DE IVA POR PAGO DE SERVICIOS BANCARIOS,-0.04,CUENTA
2025-12-26 19:49:00,251226076ZKJ-AUTOMOTO-REC-1714675020,-4900.0,CUENTA
2025-12-29 13:57:00,TRANSF. DIRECTA A ARCENTALES  ARCINIEGA ARIANNA NICOLE,-4900.0,CUENTA
2025-12-29 22:20:00,TRANSF. DEUNA A KARINA ALEXANDRA TUTISTAR SARANGO,-8.25,CUENTA
2025-12-29 17:10:00,COBRO DE IVA POR PAGO DE SERVICIOS BANCARIOS,-0.05,CUENTA
2025-12-29 17:10:00,TRANSF. INTERBANCARIA A DAPPER DETAILING STUDIO S A S,-30.0,CUENTA
2025-12-30 14:22:00,TRANSF. DEUNA A ROSA MAGALI PALMA LOOR,-5.25,CUENTA
2025-12-30 20:35:00,TRANSF. DEUNA A FABIOLA BERENICE TORRES GONZALEZ,-1.9,CUENTA
2025-12-31 11:24:00,TRANSF. DIRECTA A VILLACRES  CARRILLO ALICIA,-2.0,CUENTA
2025-12-31 11:38:00,TRANSF. DIRECTA A CHICHANDA  LOOR BETTY FABIOLA,-4.0,CUENTA
2026-01-05 13:46:00,TRANSF. DEUNA A JESSENIA PATRICIA DELGADO ZAMBRANO,-3.95,CUENTA
2026-01-05 10:37:00,TRANSF. DIRECTA A MORENO  PANEZO CRISTHIAN JHONEL,-41.0,CUENTA
2026-01-05 10:49:00,TRANSF. DIRECTA A MORENO  PANEZO CRISTHIAN JHONEL,-6.0,CUENTA
2026-01-05 12:52:00,TRANSF. DEUNA A JESSENIA PATRICIA DELGADO ZAMBRANO,-4.0,CUENTA
2026-01-06 13:03:00,TRANSF. DIRECTA A CAIZA  ESPINOSA NARCIZA DEL PILAR,-40.0,CUENTA
2026-01-06 13:06:00,TRANSF. DIRECTA A CAIZA  ESPINOSA NARCIZA DEL PILAR,-20.0,CUENTA
2026-01-06 14:36:00,TRANSF. DEUNA A JESSENIA PATRICIA DELGADO ZAMBRANO,-3.95,CUENTA
2026-01-07 09:30:00,TRANSF. DIRECTA A ARTEAGA  CARBAJAL DANIELA ABIGAIL,-2.25,CUENTA
2026-01-08 12:37:00,TRANSF. DEUNA A JESSENIA PATRICIA DELGADO ZAMBRANO,-3.95,CUENTA
2026-01-09 14:06:00,TRANSF. DEUNA A JUAN CARLOS BALLA YUMBO,-3.0,CUENTA
2026-01-09 14:38:00,TRANSF. DEUNA A ROSA CECILIA PULLAS URIBE,-12.0,CUENTA
2026-01-09 18:08:00,TRANSF. DIRECTA DE ARCENTALES ARCINIEGA ARIANNA NICOLE,20.0,CUENTA
2026-01-12 10:11:00,TRANSF. DIRECTA A PEREZ  GARCIA LILIANA PATRICIA,-2.0,CUENTA
2026-01-12 10:32:00,TRANSF. DIRECTA A GUEVARA  OLMEDO MATEO NICOLAS,-10.0,CUENTA
2026-01-12 11:07:00,TRANSF. DIRECTA A PRODUCTIVE BUSINESS SOLUTIONS ECUADOR PBSEC S.A.,-1.0,CUENTA
2026-01-12 12:54:00,TRANSF. DEUNA A ENRIQUE JAVIER VIERA MENDOZA,-16.0,CUENTA
2026-01-12 12:55:00,TRANSF. DEUNA A ENRIQUE JAVIER VIERA MENDOZA,-2.0,CUENTA
2026-01-12 08:42:00,TRANSF. DEUNA A DANIELA ABIGAIL ARTEAGA CARBAJAL,-1.5,CUENTA
2026-01-12 08:46:00,TRANSF. DEUNA A DANIELA ABIGAIL ARTEAGA CARBAJAL,-2.0,CUENTA
2026-01-12 09:19:00,TRANSF. DEUNA A SILVIA LILIANA TIPANTA CHUQUITARCO,-2.0,CUENTA
2026-01-12 09:23:00,TRANSF. DIRECTA A JARA  RAMIREZ GUSTAVO DAVID,-0.75,CUENTA
2026-01-12 13:47:00,TRANSF. DIRECTA A HONORES  JAEN IVES OLIVIA,-6.0,CUENTA
2026-01-13 12:20:00,TRANSF. DEUNA A MARIA ANGELICA YANEZ ROMERO,-3.0,CUENTA
2026-01-14 10:17:00,TRANSF. DIRECTA DE ARCINIEGA BASANTES PAULINA MARIA,259.0,CUENTA
2026-01-14 10:18:00,TRANSF. DIRECTA DE ARCINIEGA BASANTES PAULINA MARIA,431.25,CUENTA
2026-01-14 11:51:00,TRANSF. DIRECTA A VALLEJO  TRUJILLO JANETH ESTHER,-2.6,CUENTA
2026-01-16 10:50:00,TRANSF. DEUNA A AGROMIRO EC S A AGROMIRO EC,-2.5,CUENTA
2026-01-16 12:12:00,TRANSF. DIRECTA A PAZMIÑO  VALLEJO NORMA ISABEL,-20.0,CUENTA
2026-01-16 12:21:00,TRANSF. DIRECTA A JIMENEZ  EGAS LEANDRO IVAN,-0.87,CUENTA
2026-01-16 15:05:00,TRANSF. DEUNA A MICROMERCADO SEBAS,-5.0,CUENTA
2026-01-16 22:26:00,TRANSF. DIRECTA DE DOMINIQUE LOURDES VERKADE MONTIEL,6.5,CUENTA
2026-01-16 22:28:00,TRANSF. DEUNA A DANIEL GENARO ALMEIDA GUAMANZARA,-13.0,CUENTA
2026-01-19 12:51:00,TRANSF. DIRECTA A CHICHANDA  LOOR BETTY FABIOLA,-4.0,CUENTA
2026-01-19 09:55:00,TRANSF. DIRECTA A VILLACRES  CARRILLO ALICIA,-6.0,CUENTA
2026-01-19 13:25:00,TRANSF. DIRECTA A PAZMIÑO  VALLEJO NORMA ISABEL,-10.0,CUENTA
2026-01-19 09:52:00,PAGO POR SERVICIO DE COMBOS TUENTI,-8.0,CUENTA
2026-01-19 17:17:00,TRANSF. DEUNA A ROSA CECILIA PULLAS URIBE,-12.0,CUENTA
2026-01-21 09:33:00,PAGO TARJETA:  2230670000895647,-21.39,CUENTA
2026-01-21 13:20:00,TRANSF. DEUNA A JESSENIA PATRICIA DELGADO ZAMBRANO,-3.95,CUENTA
2026-01-21 19:42:00,APERTURA DE DEPÓSTIO A PLAZO FIJO,-28304.0,CUENTA
2026-01-22 11:36:00,TRANSF. DIRECTA DE ARCINIEGA BASANTES PAULINA MARIA,110.0,CUENTA
2026-01-22 11:37:00,TRANSF. DIRECTA DE ARCINIEGA BASANTES PAULINA MARIA,125.0,CUENTA
2026-01-23 13:34:00,TRANSF. DEUNA A JESSENIA PATRICIA DELGADO ZAMBRANO,-3.95,CUENTA
2026-01-26 10:10:00,TRANSF. DEUNA A CARLOS IVAN MALA VELEZ,-1.0,CUENTA
2026-01-26 10:37:00,TRANSF. DIRECTA A VILLACRES  CARRILLO ALICIA,-2.0,CUENTA
2026-01-26 12:17:00,TRANSF. DEUNA A ROSA MAGALI PALMA LOOR,-5.25,CUENTA
2026-01-26 13:50:00,TRANSF. DEUNA A ESQUITES,-1.75,CUENTA
2026-01-26 14:19:00,TRANSF. DEUNA A MARIA ELENA RECALDE ESTACIO,-3.0,CUENTA
2026-01-26 14:33:00,TRANSF. DIRECTA A MANGUIA  MURILLO ANGELICA,-10.0,CUENTA
2026-01-27 11:24:00,TRANSF. DIRECTA A IMBAQUINGO  VEGA CLARA ISABEL,-7.0,CUENTA
2026-01-29 10:15:00,TRANSF. DIRECTA A PEREZ  GARCIA LILIANA PATRICIA,-2.0,CUENTA
2026-01-29 12:09:00,TRANSF. DIRECTA A JIMENEZ  EGAS LEANDRO IVAN,-3.0,CUENTA
2026-01-29 13:25:00,TRANSF. DIRECTA A FOUNES  PINTO GIOVANNY FRANCISCO,-3.0,CUENTA
2026-01-29 14:09:00,TRANSF. DIRECTA A FOUNES  PINTO GIOVANNY FRANCISCO,-3.0,CUENTA
2026-01-30 12:28:00,TRANSF. DIRECTA A CARVAJAL  CARVAJAL LUIS ALEXANDER,-4.0,CUENTA
2026-02-02 13:06:00,PAGO TARJETA INTERBANCARIA ENVIADA,-13.27,CUENTA
2026-02-02 13:06:00,2602021XGVNA-MASTE BP-REC-22306700007562,-418.4,CUENTA
2026-02-03 13:37:00,TRANSF. DEUNA A JESSENIA PATRICIA DELGADO ZAMBRANO,-3.95,CUENTA
2026-02-04 12:59:00,TRANSF. DEUNA A JESSENIA PATRICIA DELGADO ZAMBRANO,-3.95,CUENTA
2026-02-05 10:39:00,TRANSF. DEUNA A SISTEMAS MEDICOS SIME SIMETECUIDA S A SIMETECUIDA,-9.54,CUENTA
2026-02-05 11:42:00,TRANSF. DEUNA A ANDREA GUADALUPE ULLOA HALLO,-0.15,CUENTA
2026-02-05 20:47:00,TRANSF. DEUNA A KAREN ANTONELLA TORRES ONTANEDA,-5.5,CUENTA
2026-02-06 13:37:00,TRANSF. DIRECTA A CHICHANDA LOOR BETTY FABIOLA,-4.0,CUENTA
2024-01-06 00:00:00,MEGAMAXI EL CONDADO LC  Q,13.62,TARJETA
2024-01-06 00:00:00,MCDONALDS EC KSU        G,6.98,TARJETA
2024-01-06 00:00:00,PYCCA CONDADOECU        Q,3.19,TARJETA
2024-01-08 00:00:00,GOOGLE *Google Storage  6,1.99,TARJETA
2024-01-08 00:00:00,RET IVA SERV DIGITAL 100%,0.24,TARJETA
2024-01-11 00:00:00,RET IVA SERV DIGITAL 100%,2.4,TARJETA
2024-01-11 00:00:00,GOOGLE *ChatGPTU        6,19.99,TARJETA
2024-01-12 00:00:00,PRESTACIONES EN EL EXTERIOR,7.0,TARJETA
2024-01-12 00:00:00,IVA,1.2,TARJETA
2024-01-12 00:00:00,IVA,0.84,TARJETA
2024-01-12 00:00:00,PLAN DE RECOMPENSAS,10.0,TARJETA
2024-01-17 00:00:00,EMPRESA PUBLICA METROPOLITANA,3.0,TARJETA
2024-01-17 00:00:00,TARIFA TRANSACCION PLACETOPAY,0.39,TARJETA
2024-01-19 00:00:00,CANVA* I04035-53570616  C,6.49,TARJETA
2024-01-19 00:00:00,UBER   *ONE             H,3.99,TARJETA
2024-01-19 00:00:00,RET IVA SERV DIGITAL 100%,0.78,TARJETA
2024-01-22 00:00:00,MEGAMAXI EL CONDADO LC  Q,4.19,TARJETA
2024-01-24 00:00:00,AMERICAN DELI A013 BOS  Q,4.99,TARJETA
2024-01-30 00:00:00,RET IVA SERV DIGITAL 100%,0.26,TARJETA
2024-01-30 00:00:00,UBER *TRIP HELP.UBER.C  V,2.18,TARJETA
2024-01-31 00:00:00,MCDONALDS LA PRENSA     Q,7.64,TARJETA
2024-02-02 00:00:00,TROPI BURGER T049 POMA  Q,4.5,TARJETA
2024-02-06 00:00:00,CONT_FIN_SOLCA_C.ROT**,0.01,TARJETA
2024-02-06 00:00:00,INT. FINANCIAMIENTO,0.35,TARJETA
2024-02-06 00:00:00,IL CAPPO DI MANGI EL C  Q,5.99,TARJETA
2024-02-07 00:00:00,CONVERSE C C CONDADO SHOPPING,59.99,TARJETA
2024-02-07 00:00:00,QUIMODA S A,75.97,TARJETA
2024-02-07 00:00:00,VEERMODA S A,49.99,TARJETA
2024-02-07 00:00:00,DL*McDonald'sUSA        M,6.5,TARJETA
2024-02-07 00:00:00,QUIMODA S A,62.18,TARJETA
2024-02-08 00:00:00,RET IVA SERV DIGITAL 100%,0.24,TARJETA
2024-02-08 00:00:00,GOOGLE *Google Storage  6,1.99,TARJETA
2024-02-11 00:00:00,RET IVA SERV DIGITAL 100%,2.4,TARJETA
2024-02-11 00:00:00,RET IVA SERV DIGITAL 10%,0.08,TARJETA
2024-02-11 00:00:00,UB *EATS ECUADOR        8,6.92,TARJETA
2024-02-11 00:00:00,GOOGLE *ChatGPTG        6,19.99,TARJETA
2024-02-14 00:00:00,McDONALD S EL CONDADO   Q,3.99,TARJETA
2024-02-14 00:00:00,NK03 KOBE EL CONDADO S  Q,14.81,TARJETA
2024-02-16 00:00:00,METROAMBULAT S.A.,3.0,TARJETA
2024-02-18 00:00:00,RET IVA SERV DIGITAL 10%,0.35,TARJETA
2024-02-18 00:00:00,UB *EATS ECUADOR        8,29.45,TARJETA
2024-02-19 00:00:00,UBER   *ONE             H,3.99,TARJETA
2024-02-21 00:00:00,MEDICITY QUITO CORDOVA  Q,2.79,TARJETA
2024-02-21 00:00:00,MEDICITY QUITO CORDOVA  Q,21.57,TARJETA
2024-02-21 00:00:00,METROAMBULAT S.A.,3.0,TARJETA
2024-02-22 00:00:00,SIME CAROLINAECU        Q,9.54,TARJETA
2024-02-22 00:00:00,SUPERMAXI POMASQUI 122  Q,6.88,TARJETA
2024-02-24 00:00:00,UB *EATS ECUADOR        8,25.91,TARJETA
2024-02-24 00:00:00,RET IVA SERV DIGITAL 10%,0.31,TARJETA
2024-02-25 00:00:00,UB *EATS ECUADOR        8,21.59,TARJETA
2024-02-25 00:00:00,RET IVA SERV DIGITAL 10%,0.26,TARJETA
2024-02-28 00:00:00,METROAMBULAT S.A.,3.0,TARJETA
2024-02-28 00:00:00,PIZZA ZU,15.0,TARJETA
2024-03-02 00:00:00,METROAMBULAT S.A.,40.0,TARJETA
2024-03-04 00:00:00,DL*McDonald'sUSA        M,5.99,TARJETA
2024-03-06 00:00:00,CNT,33.36,TARJETA
2024-03-08 00:00:00,GOOGLE *Google Storage  6,1.99,TARJETA
2024-03-08 00:00:00,RET IVA SERV DIGITAL 100%,0.24,TARJETA
2024-03-08 00:00:00,PROAUTO C.A.,35.0,TARJETA
2024-03-09 00:00:00,FARMACIAS ECONOMICAS P  Q,8.65,TARJETA
2024-03-09 00:00:00,FARMACIAS ECONOMICAS P  Q,9.95,TARJETA
2024-03-11 00:00:00,RET IVA SERV DIGITAL 100%,2.4,TARJETA
2024-03-11 00:00:00,GOOGLE *ChatGPTU        6,19.99,TARJETA
2024-03-13 00:00:00,DL*McDonald'sECU        M,4.99,TARJETA
2024-03-15 00:00:00,ROCK YOUR DOGS          E,11.6,TARJETA
2024-03-17 00:00:00,RET IVA SERV DIGITAL 10%,0.51,TARJETA
2024-03-17 00:00:00,UB *EATS ECUADOR        8,42.13,TARJETA
2024-03-18 00:00:00,DEV IVA SERV DIGITAL 10%,-0.09,TARJETA
2024-03-18 00:00:00,NC REVERSO CONS D (UB *EATS E),-7.75,TARJETA
2024-03-19 00:00:00,UBER   *ONE             H,3.99,TARJETA
2024-03-20 00:00:00,IL CAPPO DI MANGI EL C  Q,6.49,TARJETA
2024-03-26 00:00:00,MCDONALDS EC KSA        G,11.48,TARJETA
2024-03-28 00:00:00,PYCCA PORTALUECU        G,103.94,TARJETA
2024-03-28 00:00:00,MCDONALDS EC KSU        G,18.49,TARJETA
2024-03-28 00:00:00,PACO PORTALCUECU        Q,12.0,TARJETA
2024-03-29 00:00:00,SUPERMAXI POMASQUI 122  Q,22.26,TARJETA
2024-03-30 00:00:00,FARMACIAS ECONOMICAS P  Q,11.51,TARJETA
2024-04-02 00:00:00,KFC K026 PATRIAU        Q,15.84,TARJETA
2024-04-05 00:00:00,MCDONALDS EC KSU        G,5.99,TARJETA
2024-04-05 00:00:00,MCDONALDS EC KSU        G,5.7,TARJETA
2024-04-05 00:00:00,MCDONALDS EC KSU        G,14.99,TARJETA
2024-04-06 00:00:00,INTERESES SALDO A FAVOR,-0.07,TARJETA
2024-04-08 00:00:00,SIME POMASQUIECU        Q,15.0,TARJETA
2024-04-08 00:00:00,DIFARE S AECUECU        G,6.18,TARJETA
2024-04-08 00:00:00,DIFARE S AECUECU        G,9.03,TARJETA
2024-04-08 00:00:00,RET IVA SERV DIGITAL 100%,0.3,TARJETA
2024-04-08 00:00:00,GOOGLE *Google Storage  6,1.99,TARJETA
2024-04-11 00:00:00,GOOGLE *ChatGPTU        6,19.99,TARJETA
2024-04-11 00:00:00,RET IVA SERV DIGITAL 100%,3.0,TARJETA
2024-04-11 00:00:00,DIFARE S AECUECU        G,4.23,TARJETA
2024-04-11 00:00:00,SIME POMASQUIECU        Q,10.0,TARJETA
2024-04-15 00:00:00,KFC K026  PATRIA KS     Q,13.5,TARJETA
2024-04-19 00:00:00,UBER   *ONE             H,3.99,TARJETA
2024-04-21 00:00:00,RET IVA SERV DIGITAL 100%,0.78,TARJETA
2024-04-21 00:00:00,UBER   *TRIP            H,5.2,TARJETA
2024-04-23 00:00:00,FUEL ORIENTALECU        Q,15.0,TARJETA
2024-04-23 00:00:00,TARIFA CONSUMO GASOLINERA,0.2,TARJETA
2024-04-23 00:00:00,IVA,0.03,TARJETA
2024-04-24 00:00:00,MB-MAYFLOWER BUFFALOS,5.99,TARJETA
2024-04-25 00:00:00,UB *EATS ECUADOR        8,16.21,TARJETA
2024-04-25 00:00:00,RET IVA SERV DIGITAL 10%,0.24,TARJETA
2024-04-28 00:00:00,UB *EATS ECUADOR        8,12.95,TARJETA
2024-05-01 00:00:00,MEDICITY LA PAMPA       Q,4.91,TARJETA
2024-05-01 00:00:00,MEDICITY LA PAMPA       Q,12.29,TARJETA
2024-05-01 00:00:00,DIFARE S AECUECU        G,5.95,TARJETA
2024-05-02 00:00:00,MCDONALDS CIRCULO MILI  Q,6.25,TARJETA
2024-05-06 00:00:00,INTERESES SALDO A FAVOR,-0.03,TARJETA
2024-05-07 00:00:00,COCA COLA ORLANDO       O,3.0,TARJETA
2024-05-08 00:00:00,Orlando Vineland Premi  O,111.84,TARJETA
2024-05-08 00:00:00,GOOGLE *Google Storage  6,1.99,TARJETA
2024-05-08 00:00:00,RET IVA SERV DIGITAL 100%,0.3,TARJETA
2024-05-08 00:00:00,Calvin Klein USA        N,223.16,TARJETA
2024-05-08 00:00:00,CONSUMOS EXTERIOR 100,1.7,TARJETA
2024-05-08 00:00:00,IVA,0.26,TARJETA
2024-05-08 00:00:00,IVA,0.26,TARJETA
2024-05-08 00:00:00,CONSUMOS EXTERIOR 100,1.7,TARJETA
2024-05-11 00:00:00,RET IVA SERV DIGITAL 100%,3.0,TARJETA
2024-05-11 00:00:00,GOOGLE *ChatGPTA        6,19.99,TARJETA
2024-05-15 00:00:00,MCDONALDS CIRCULO MILI  Q,4.99,TARJETA
2024-05-16 00:00:00,McDONALD S 6 Dic Quito  Q,4.99,TARJETA
2024-05-18 00:00:00,UBER   *TRIP            H,0.99,TARJETA
2024-05-18 00:00:00,RET IVA SERV DIGITAL 100%,0.6,TARJETA
2024-05-18 00:00:00,UBER   *TRIP            H,3.98,TARJETA
2024-05-18 00:00:00,RET IVA SERV DIGITAL 100%,0.15,TARJETA
2024-05-19 00:00:00,UBER   *ONE             H,3.99,TARJETA
2024-05-23 00:00:00,MCDONALDS CIRCULO MILI  Q,4.85,TARJETA
2024-05-27 00:00:00,LA TABLITA DEL TARTARO  Q,21.49,TARJETA
2024-05-29 00:00:00,KFC K04 AMAZ. NNUU      Q,4.25,TARJETA
2024-05-29 00:00:00,SUPERMAXI INAQUITO LC   Q,27.4,TARJETA
2024-06-03 00:00:00,MCDONALDS EC KSU        G,8.98,TARJETA
2024-06-04 00:00:00,MEGAMAXI EL CONDADO LC  Q,18.42,TARJETA
2024-06-05 00:00:00,McDONALD S 6 Dic Quito  Q,7.9,TARJETA
2024-06-07 00:00:00,ROCK YOUR DOGS          E,10.0,TARJETA
2024-06-08 00:00:00,RET IVA SERV DIGITAL 100%,0.3,TARJETA
2024-06-08 00:00:00,GOOGLE *Google Storage  6,1.99,TARJETA
2024-06-10 00:00:00,MB-MAYFLOWER BUFFALOS,5.99,TARJETA
2024-06-10 00:00:00,DIFARE S AECUECU        G,12.72,TARJETA
2024-06-11 00:00:00,RET IVA SERV DIGITAL 100%,3.0,TARJETA
2024-06-11 00:00:00,McDONALD S 6 Dic Quito  Q,2.99,TARJETA
2024-06-11 00:00:00,MCDONALDS EC KSU        G,9.75,TARJETA
2024-06-11 00:00:00,GOOGLE *ChatGPTB        6,19.99,TARJETA
2024-06-13 00:00:00,MCDONALDS EC KSD        G,10.6,TARJETA
2024-06-19 00:00:00,UBER   *ONE             H,3.99,TARJETA
2024-06-20 00:00:00,SUPERMAXI POMASQUI 122  Q,8.71,TARJETA
2024-06-21 00:00:00,CASA RES R002 QUICENTR  Q,31.97,TARJETA
2024-06-22 00:00:00,PROAUTO C.A.,102.52,TARJETA
2024-06-24 00:00:00,MB-MAYFLOWER BUFFALOS,5.99,TARJETA
2024-06-28 00:00:00,UB *EATS ECUADOR        8,8.94,TARJETA
2024-06-28 00:00:00,RET IVA SERV DIGITAL 10%,0.13,TARJETA
2024-06-30 00:00:00,RET IVA SERV DIGITAL 100%,1.21,TARJETA
2024-06-30 00:00:00,UBER   *TRIP            H,8.05,TARJETA
2024-07-03 00:00:00,McDONALD S EL CONDADO   Q,6.47,TARJETA
2024-07-08 00:00:00,RET IVA SERV DIGITAL 10%,0.26,TARJETA
2024-07-08 00:00:00,GOOGLE *Google Storage  6,1.99,TARJETA
2024-07-08 00:00:00,UB *EATS ECUADOR        8,17.34,TARJETA
2024-07-08 00:00:00,RET IVA SERV DIGITAL 100%,0.3,TARJETA
2024-07-08 00:00:00,MICROSOFT*STORE         M,1.0,TARJETA
2024-07-08 00:00:00,RET IVA SERV DIGITAL 100%,0.15,TARJETA
2024-07-08 00:00:00,DIFARE SA ECUECU        G,7.57,TARJETA
2024-07-08 00:00:00,METROAMBULAT S.A.,3.0,TARJETA
2024-07-10 00:00:00,UB *EATS ECUADOR        h,14.51,TARJETA
2024-07-10 00:00:00,RET IVA SERV DIGITAL 10%,0.22,TARJETA
2024-07-11 00:00:00,RET IVA SERV DIGITAL 100%,3.0,TARJETA
2024-07-11 00:00:00,GOOGLE *ChatGPTU        6,19.99,TARJETA
2024-07-16 00:00:00,DIFARE S ACA USA        G,185.67,TARJETA
2024-07-19 00:00:00,UBER   *ONE             H,3.99,TARJETA
2024-07-22 00:00:00,RET IVA SERV DIGITAL 100%,1.05,TARJETA
2024-07-22 00:00:00,MICROSOFT*LA PRUEBA DE  M,6.99,TARJETA
2024-07-25 00:00:00,ECUAVAPES ECUECU        Q,21.6,TARJETA
2024-07-25 00:00:00,DERMASOFT CIA LTDA,18.07,TARJETA
2024-07-25 00:00:00,FYBECA    ECUECU        Q,3.8,TARJETA
2024-07-27 00:00:00,RET IVA SERV DIGITAL 100%,0.42,TARJETA
2024-07-27 00:00:00,UBER   *TRIP            H,2.82,TARJETA
2024-07-29 00:00:00,MC DONALDS EC PTP       G,13.1,TARJETA
2024-08-03 00:00:00,GESTION DE COBRANZA EXTRAJ,7.34,TARJETA
2024-08-06 00:00:00,INT. FINANCIAMIENTO,1.66,TARJETA
2024-08-06 00:00:00,CONT_FIN_SOLCA_C.ROT**,0.05,TARJETA
2024-08-08 00:00:00,GOOGLE *Google One      6,1.99,TARJETA
2024-08-08 00:00:00,RET IVA SERV DIGITAL 100%,0.3,TARJETA
2024-08-09 00:00:00,MB-MAYFLOWER BUFFALOS,6.99,TARJETA
2024-08-11 00:00:00,GOOGLE *ChatGPTR        6,19.99,TARJETA
2024-08-11 00:00:00,RET IVA SERV DIGITAL 100%,3.0,TARJETA
2024-08-12 00:00:00,FYBECA    ECUECU        Q,7.67,TARJETA
2024-08-19 00:00:00,RET IVA SERV DIGITAL 100%,0.6,TARJETA
2024-08-19 00:00:00,DL*Uber RidesECU        B,3.99,TARJETA
2024-08-21 00:00:00,MCDONALDS EC KSA        G,19.6,TARJETA
2024-08-22 00:00:00,MICROSOFT*LA PRUEBA DE  M,6.99,TARJETA
2024-08-22 00:00:00,RET IVA SERV DIGITAL 100%,1.05,TARJETA
2024-08-23 00:00:00,IVA,0.66,TARJETA
2024-08-23 00:00:00,REPOSICION TARJETA CREDITO,4.37,TARJETA
2024-08-30 00:00:00,MCDONALDS EC KSA        G,6.6,TARJETA
2024-09-06 00:00:00,INT. FINANCIAMIENTO,2.32,TARJETA
2024-09-06 00:00:00,CONT_FIN_SOLCA_C.ROT**,0.07,TARJETA
2024-09-09 00:00:00,RET IVA SERV DIGITAL 10%,0.19,TARJETA
2024-09-09 00:00:00,UBER EATS INTECU        P,12.82,TARJETA
2024-09-10 00:00:00,RET IVA SERV DIGITAL 10%,0.19,TARJETA
2024-09-10 00:00:00,UBER EATS INTECU        P,12.4,TARJETA
2024-09-10 00:00:00,FYBECA    ECUECU        Q,8.87,TARJETA
2024-09-12 00:00:00,REPAPEADOS,10.0,TARJETA
2024-09-12 00:00:00,MCDONALDS CIRCULO MILI  Q,2.99,TARJETA
2024-09-15 00:00:00,GOOGLE *Google One      8,1.99,TARJETA
2024-09-15 00:00:00,RET IVA SERV DIGITAL 100%,0.3,TARJETA
2024-09-15 00:00:00,PEAJE GUAYASAMIN EPMMO,0.4,TARJETA
2024-09-26 00:00:00,DLC*UBER RIDESCU        S,2.47,TARJETA
2024-09-26 00:00:00,RET IVA SERV DIGITAL 100%,0.37,TARJETA
2024-10-01 00:00:00,RET IVA SERV DIGITAL 100%,0.6,TARJETA
2024-10-01 00:00:00,UBER   *ONE             H,3.99,TARJETA
2024-10-01 00:00:00,RET IVA SERV DIGITAL 100%,0.25,TARJETA
2024-10-01 00:00:00,RET IVA SERV DIGITAL 100%,1.52,TARJETA
2024-10-01 00:00:00,UBER   *TRIP            H,10.1,TARJETA
2024-10-01 00:00:00,UBER   *TRIP            H,1.69,TARJETA
2024-10-04 00:00:00,DLC*UBER RIDESSA        S,9.59,TARJETA
2024-10-04 00:00:00,RET IVA SERV DIGITAL 100%,1.44,TARJETA
2024-10-05 00:00:00,ATIMASA EL CONDADO,20.0,TARJETA
2024-10-05 00:00:00,TARIFA CONSUMO GASOLINERA,0.2,TARJETA
2024-10-05 00:00:00,IVA,0.03,TARJETA
2024-10-06 00:00:00,CONT_FIN_SOLCA_C.ROT**,0.05,TARJETA
2024-10-06 00:00:00,INT. FINANCIAMIENTO,1.7,TARJETA
2024-10-12 00:00:00,MAKI CORUNACUECU        Q,52.93,TARJETA
2024-10-12 00:00:00,CAFE EUROPACUECU        Q,14.8,TARJETA
2024-10-13 00:00:00,SAFAERA,55.5,TARJETA
2024-10-13 00:00:00,RET IVA SERV DIGITAL 100%,1.21,TARJETA
2024-10-13 00:00:00,UBER   *TRIP            H,8.05,TARJETA
2024-10-15 00:00:00,RET IVA SERV DIGITAL 100%,0.3,TARJETA
2024-10-15 00:00:00,GOOGLE *Google One      6,1.99,TARJETA
2024-10-16 00:00:00,CONS DIGITAL 10% (UB *EATS EC),16.34,TARJETA
2024-10-16 00:00:00,RET IVA SERV DIGITAL 10%,0.24,TARJETA
2024-10-17 00:00:00,ROCK YOUR DOGS          E,8.5,TARJETA
2024-10-18 00:00:00,METRO PARQUEOS          E,10.0,TARJETA
2024-10-19 00:00:00,IVA,0.66,TARJETA
2024-10-19 00:00:00,REPOSICION TARJETA CREDITO,4.37,TARJETA
2024-11-06 00:00:00,CONT_FIN_SOLCA_C.ROT**,0.02,TARJETA
2024-11-06 00:00:00,INT. FINANCIAMIENTO,0.54,TARJETA
2024-11-06 00:00:00,INT. MORA,0.11,TARJETA
2024-12-06 00:00:00,INT. FINANCIAMIENTO,0.36,TARJETA
2024-12-06 00:00:00,INT. MORA,0.05,TARJETA
2024-12-07 00:00:00,PYCCA EL RECREOA        Q,4.97,TARJETA
2024-12-08 00:00:00,MB-MAYFLOWER BUFFALOS   Q,6.99,TARJETA
2024-12-10 00:00:00,ROCK YOUR DOGS          E,20.5,TARJETA
2024-12-11 00:00:00,RET IVA SERV DIGITAL 100%,0.45,TARJETA
2024-12-11 00:00:00,GOOGLE *Palette Home S  8,2.99,TARJETA
2024-12-11 00:00:00,ESTACIONAMIENTOS URBAN  Q,2.0,TARJETA
2024-12-11 00:00:00,DERMAAID  ECUECU        Q,145.0,TARJETA
2024-12-13 00:00:00,MEDICITY LA PAMPA       Q,14.32,TARJETA
2024-12-13 00:00:00,MEDICITY LA PAMPA       Q,12.68,TARJETA
2024-12-13 00:00:00,METRORED     ECU        Q,5.2,TARJETA
2024-12-16 00:00:00,MUNICIPIO DE QUITO INT,25.0,TARJETA
2024-12-23 00:00:00,MISTERBOOKS             E,19.5,TARJETA
2024-12-23 00:00:00,MUMUSO    ECUECU        Q,7.28,TARJETA
2024-12-23 00:00:00,BATH BODY WORKS         Q,12.5,TARJETA
2024-12-23 00:00:00,DE  PRATI CONDADO Kids  Q,9.2,TARJETA
2024-12-24 00:00:00,MCDONALDS EC KSU        G,5.98,TARJETA
2024-12-24 00:00:00,MEGAMAXI EL CONDADO LC  Q,33.58,TARJETA
2024-12-24 00:00:00,EL ESPANOL E025 CONDAD  Q,5.75,TARJETA
2024-12-30 00:00:00,FYBECA                  Q,6.07,TARJETA
2025-01-12 00:00:00,PEAJE GUAYASAMIN EPMMO,0.4,TARJETA
2025-01-12 00:00:00,PEAJE GUAYASAMIN EPMMO,0.4,TARJETA
2025-01-12 00:00:00,PEAJE GUAYASAMIN EPMMO,0.4,TARJETA
2025-01-12 00:00:00,PEAJE GUAYASAMIN EPMMO,0.4,TARJETA
2025-01-12 00:00:00,PEAJE GUAYASAMIN EPMMO,0.4,TARJETA
2025-01-12 00:00:00,PEAJE GUAYASAMIN EPMMO,0.4,TARJETA
2025-01-12 00:00:00,TARIFA TRANSACCION PLACETOPAY,0.4,TARJETA
2025-01-12 00:00:00,TARIFA TRANSACCION PLACETOPAY,0.4,TARJETA
2025-01-12 00:00:00,TARIFA TRANSACCION PLACETOPAY,0.4,TARJETA
2025-01-12 00:00:00,TARIFA TRANSACCION PLACETOPAY,0.4,TARJETA
2025-01-12 00:00:00,TARIFA TRANSACCION PLACETOPAY,0.4,TARJETA
2025-01-12 00:00:00,TARIFA TRANSACCION PLACETOPAY,0.4,TARJETA
2025-01-17 00:00:00,QUIMODA S ACUECU        Q,26.19,TARJETA
2025-01-17 00:00:00,SERVICIOS COLON         E,20.0,TARJETA
2025-01-17 00:00:00,TARIFA CONSUMO GASOLINERA,0.2,TARJETA
2025-01-17 00:00:00,APP MCDONALDS ECUADOR   G,6.6,TARJETA
2025-01-17 00:00:00,IVA,0.03,TARJETA
2025-01-19 00:00:00,UB *EATS ECUADOR        8,9.07,TARJETA
2025-01-19 00:00:00,RET IVA SERV DIGITAL 10%,0.14,TARJETA
2025-01-19 00:00:00,RET IVA SERV DIGITAL 100%,0.3,TARJETA
2025-01-19 00:00:00,GOOGLE *Google One      g,1.99,TARJETA
2025-01-20 00:00:00,OPENAI *CHATGPT SUBSCR  S,20.0,TARJETA
2025-01-20 00:00:00,RET IVA SERV DIGITAL 100%,3.0,TARJETA
2025-01-21 00:00:00,ESTACIONAMIENTOS URBAN  Q,1.0,TARJETA
2025-01-21 00:00:00,FYBECA                  Q,4.42,TARJETA
2025-01-21 00:00:00,FYBECA                  Q,18.49,TARJETA
2025-01-23 00:00:00,TACO VELOZPANPAN        Q,5.0,TARJETA
2025-01-27 00:00:00,RET IVA SERV DIGITAL 100%,0.52,TARJETA
2025-01-27 00:00:00,Spotify P338EF1D14      S,3.49,TARJETA
2025-01-28 00:00:00,PRESTACIONES EN EL EXTERIOR,7.0,TARJETA
2025-01-28 00:00:00,PLAN DE RECOMPENSAS,10.0,TARJETA
2025-01-28 00:00:00,IVA,1.05,TARJETA
2025-01-28 00:00:00,IVA,1.5,TARJETA
2025-01-30 00:00:00,ROCK YOUR DOGS          E,8.5,TARJETA
2025-02-03 00:00:00,TARIFA TRANSACCION PLACETOPAY,0.4,TARJETA
2025-02-03 00:00:00,TARIFA TRANSACCION PLACETOPAY,0.4,TARJETA
2025-02-03 00:00:00,TARIFA TRANSACCION PLACETOPAY,0.4,TARJETA
2025-02-03 00:00:00,UB *EATS ECUADOR        8,6.71,TARJETA
2025-02-03 00:00:00,TARIFA TRANSACCION PLACETOPAY,0.4,TARJETA
2025-02-03 00:00:00,RET IVA SERV DIGITAL 10%,0.1,TARJETA
2025-02-03 00:00:00,PEAJE GUAYASAMIN EPMMO,0.4,TARJETA
2025-02-03 00:00:00,PEAJE GUAYASAMIN EPMMO,0.4,TARJETA
2025-02-03 00:00:00,PEAJE GUAYASAMIN EPMMO,0.4,TARJETA
2025-02-03 00:00:00,PEAJE GUAYASAMIN EPMMO,0.4,TARJETA
2025-02-03 00:00:00,TARIFA TRANSACCION PLACETOPAY,0.4,TARJETA
2025-02-03 00:00:00,REGISTRO CIVIL BP,16.0,TARJETA
2025-02-05 00:00:00,KFC K04 AMAZ. NNUU      Q,4.99,TARJETA
2025-02-05 00:00:00,MY CASE   ECUECU        Q,18.47,TARJETA
2025-02-06 00:00:00,INT. FINANCIAMIENTO,0.12,TARJETA
2025-02-07 00:00:00,NETLIFE KSECUECU        Q,29.33,TARJETA
2025-02-07 00:00:00,KS KUSHKI SA NLD        Q,0.57,TARJETA
2025-02-13 00:00:00,RET IVA SERV DIGITAL 100%,0.6,TARJETA
2025-02-13 00:00:00,DLC*UBER RIDES INT      P,3.99,TARJETA
2025-02-14 00:00:00,SUPERMAXI POMASQUI 122  Q,27.86,TARJETA
2025-02-15 00:00:00,RET IVA SERV DIGITAL 100%,0.3,TARJETA
2025-02-15 00:00:00,GOOGLE *Google One      6,1.99,TARJETA
2025-02-20 00:00:00,OPENAI *CHATGPT SUBSCR  S,20.0,TARJETA
2025-02-20 00:00:00,RET IVA SERV DIGITAL 100%,3.0,TARJETA
2025-02-23 00:00:00,RET IVA SERV DIGITAL 100%,0.11,TARJETA
2025-02-23 00:00:00,DLC*UBER RIDESCU        S,0.76,TARJETA
2025-02-26 00:00:00,UBER EATS INTECU        P,8.9,TARJETA
2025-02-26 00:00:00,RET IVA SERV DIGITAL 10%,0.13,TARJETA
2025-02-27 00:00:00,RET IVA SERV DIGITAL 100%,0.52,TARJETA
2025-02-27 00:00:00,Spotify P3466AE7B2      S,3.49,TARJETA
2025-03-01 00:00:00,SAFAERA   ECUECU        Q,33.5,TARJETA
2025-03-06 00:00:00,CONT_FIN_SOLCA_C.ROT**,0.02,TARJETA
2025-03-06 00:00:00,INT. FINANCIAMIENTO,0.72,TARJETA
2025-03-06 00:00:00,UBER EATS INTIRL        P,6.71,TARJETA
2025-03-06 00:00:00,RET IVA SERV DIGITAL 10%,0.1,TARJETA
2025-03-07 00:00:00,PROAUTO C.A.UECU        Q,201.16,TARJETA
2025-03-07 00:00:00,NETLIFE KSECUECU        Q,32.5,TARJETA
2025-03-07 00:00:00,MENESTRAS DEL NEGRO M0  Q,1.99,TARJETA
2025-03-07 00:00:00,MENESTRAS DEL NEGRO M0  Q,4.98,TARJETA
2025-03-07 00:00:00,KS KUSHKI SAUECU        Q,0.57,TARJETA
2025-03-08 00:00:00,RET IVA SERV DIGITAL 100%,1.2,TARJETA
2025-03-08 00:00:00,Microsoft*StoreN        m,7.99,TARJETA
2025-03-10 00:00:00,RET IVA SERV DIGITAL 10%,0.14,TARJETA
2025-03-10 00:00:00,UB *EATS ECUADOR        8,9.27,TARJETA
2025-03-12 00:00:00,COMFARPI  ECUECU        Q,81.32,TARJETA
2025-03-14 00:00:00,OPTICA SANCHOECU        Q,45.83,TARJETA
2025-03-15 00:00:00,RET IVA SERV DIGITAL 100%,0.3,TARJETA
2025-03-15 00:00:00,GOOGLE *Google One      6,1.99,TARJETA
2025-03-17 00:00:00,RET IVA SERV DIGITAL 100%,0.6,TARJETA
2025-03-17 00:00:00,DLC*UBER RIDES INT      P,3.99,TARJETA
2025-03-18 00:00:00,MENESTRAS DEL NEGRO M0  Q,5.98,TARJETA
2025-03-18 00:00:00,ESTACIONAMIENTOS URBAN  Q,6.0,TARJETA
2025-03-18 00:00:00,MENESTRAS DEL NEGRO M0  Q,4.5,TARJETA
2025-03-19 00:00:00,DLC*UBER EATSECU        S,9.17,TARJETA
2025-03-19 00:00:00,RET IVA SERV DIGITAL 10%,0.14,TARJETA
2025-03-20 00:00:00,RET IVA SERV DIGITAL 100%,3.0,TARJETA
2025-03-20 00:00:00,OPENAI *CHATGPT SUBSCR  S,20.0,TARJETA
2025-03-21 00:00:00,PUCE PTP  ECUECU        Q,172.5,TARJETA
2025-03-24 00:00:00,FARMACIA CRUZ AZUL      Q,3.69,TARJETA
2025-03-26 00:00:00,TARIFA CONSUMO GASOLINERA,0.2,TARJETA
2025-03-26 00:00:00,EDS MIRAVALLEECU        Q,15.0,TARJETA
2025-03-26 00:00:00,IVA,0.03,TARJETA
2025-03-27 00:00:00,SIME PORTALCUECU        Q,9.54,TARJETA
2025-03-27 00:00:00,RET IVA SERV DIGITAL 100%,0.52,TARJETA
2025-03-27 00:00:00,MCDONALDS EC KSU        G,6.6,TARJETA
2025-03-27 00:00:00,Spotify P354E149B5      S,3.49,TARJETA
2025-03-28 00:00:00,RET IVA SERV DIGITAL 10%,0.1,TARJETA
2025-03-28 00:00:00,UBER EATS INTECU        P,6.71,TARJETA
2025-03-30 00:00:00,MEDICITY LA PAMPA       Q,3.66,TARJETA
2025-04-03 00:00:00,IVA,0.03,TARJETA
2025-04-03 00:00:00,TARIFA CONSUMO GASOLINERA,0.2,TARJETA
2025-04-03 00:00:00,ATIMASA 6 DE DICIEMBRE  E,15.0,TARJETA
2025-04-06 00:00:00,CONT_FIN_SOLCA_C.ROT**,0.03,TARJETA
2025-04-06 00:00:00,INT. FINANCIAMIENTO,0.88,TARJETA
2025-04-07 00:00:00,ESTACION DE SERVICIO P  Q,30.01,TARJETA
2025-04-07 00:00:00,IVA,0.03,TARJETA
2025-04-07 00:00:00,TARIFA CONSUMO GASOLINERA,0.2,TARJETA
2025-04-08 00:00:00,ROCK YOUR DOGS          E,6.0,TARJETA
2025-04-08 00:00:00,MICROSOFT*1 MES PARA P  M,7.99,TARJETA
2025-04-08 00:00:00,RET IVA SERV DIGITAL 100%,1.2,TARJETA
2025-04-15 00:00:00,RET IVA SERV DIGITAL 100%,0.3,TARJETA
2025-04-15 00:00:00,GOOGLE *Google One      6,1.99,TARJETA
2025-04-17 00:00:00,RET IVA SERV DIGITAL 10%,0.13,TARJETA
2025-04-17 00:00:00,UB *EATS ECUADOR        8,8.79,TARJETA
2025-04-19 00:00:00,UBER   *TRIP            H,2.2,TARJETA
2025-04-19 00:00:00,RET IVA SERV DIGITAL 100%,0.33,TARJETA
2025-04-20 00:00:00,RET IVA SERV DIGITAL 100%,3.0,TARJETA
2025-04-20 00:00:00,OPENAI *CHATGPT SUBSCR  S,20.0,TARJETA
2025-04-21 00:00:00,DLC*UBER RIDES INT      P,3.99,TARJETA
2025-04-21 00:00:00,RET IVA SERV DIGITAL 100%,0.6,TARJETA
2025-04-21 00:00:00,LA TABLITA DEL TARTARO  Q,10.01,TARJETA
2025-04-23 00:00:00,FIVE STARS CINEMA STAR  Q,7.7,TARJETA
2025-04-27 00:00:00,RET IVA SERV DIGITAL 100%,0.52,TARJETA
2025-04-27 00:00:00,Spotify P363BDA17D      S,3.49,TARJETA
2025-04-28 00:00:00,RET IVA SERV DIGITAL 10%,0.39,TARJETA
2025-04-28 00:00:00,UB *EATS ECUADOR        8,25.91,TARJETA
2025-05-01 00:00:00,Google CLOUD 8V3P6T     M,2.6,TARJETA
2025-05-01 00:00:00,RET IVA SERV DIGITAL 100%,0.39,TARJETA
2025-05-04 00:00:00,CEVICHES RUMINAHUI POM  Q,5.5,TARJETA
2025-05-04 00:00:00,MEDICITY QUITO CORDOVA  Q,1.24,TARJETA
2025-05-04 00:00:00,MEDICITY QUITO CORDOVA  Q,3.42,TARJETA
2025-05-05 00:00:00,DERMASOFT CIA LTDA      Q,30.13,TARJETA
2025-05-06 00:00:00,CONT_FIN_SOLCA_C.ROT**,0.14,TARJETA
2025-05-06 00:00:00,INT. FINANCIAMIENTO,4.32,TARJETA
2025-05-06 00:00:00,IVA,0.03,TARJETA
2025-05-06 00:00:00,TARIFA CONSUMO GASOLINERA,0.2,TARJETA
2025-05-06 00:00:00,SERVICIOS COLON         E,25.18,TARJETA
2025-05-08 00:00:00,Microsoft*1 mes para P  m,7.99,TARJETA
2025-05-08 00:00:00,RET IVA SERV DIGITAL 100%,1.2,TARJETA
2025-05-09 00:00:00,RET IVA SERV DIGITAL 100%,0.55,TARJETA
2025-05-09 00:00:00,UBER   *TRIP            H,3.68,TARJETA
2025-05-15 00:00:00,IVA,0.03,TARJETA
2025-05-15 00:00:00,TARIFA CONSUMO GASOLINERA,0.2,TARJETA
2025-05-15 00:00:00,RET IVA SERV DIGITAL 100%,0.3,TARJETA
2025-05-15 00:00:00,EDS MIRAVALLEUSA        Q,29.18,TARJETA
2025-05-15 00:00:00,GOOGLE *Google One      6,1.99,TARJETA
2025-05-20 00:00:00,RET IVA SERV DIGITAL 100%,3.0,TARJETA
2025-05-20 00:00:00,OPENAI *CHATGPT SUBSCR  S,20.0,TARJETA
2025-05-26 00:00:00,DLC*UBER RIDES INT      P,4.88,TARJETA
2025-05-26 00:00:00,RET IVA SERV DIGITAL 100%,0.6,TARJETA
2025-05-26 00:00:00,DLC*UBER RIDES INT      P,3.99,TARJETA
2025-05-26 00:00:00,RET IVA SERV DIGITAL 100%,0.73,TARJETA
2025-05-27 00:00:00,Spotify P3727E3938      S,3.49,TARJETA
2025-05-27 00:00:00,RET IVA SERV DIGITAL 100%,0.52,TARJETA
2025-05-29 00:00:00,UBER EATS INTPAN        P,22.94,TARJETA
2025-05-29 00:00:00,RET IVA SERV DIGITAL 10%,0.34,TARJETA
2025-05-30 00:00:00,ROCK YOUR DOGS          E,8.5,TARJETA
2025-06-01 00:00:00,RET IVA SERV DIGITAL 100%,2.11,TARJETA
2025-06-01 00:00:00,TARIFA CONSUMO GASOLINERA,0.2,TARJETA
2025-06-01 00:00:00,IVA,0.03,TARJETA
2025-06-01 00:00:00,GOOGLE *CLOUD MNQ53S    6,14.06,TARJETA
2025-06-01 00:00:00,AUTOSERVIPAMPA CIA. LT  Q,30.05,TARJETA
2025-06-06 00:00:00,ATIMASA ESTACION DE SE  E,1.35,TARJETA
2025-06-07 00:00:00,QUICENTRO SHOPPING      Q,4.0,TARJETA
2025-06-08 00:00:00,MICROSOFT*1 MES PARA P  M,7.99,TARJETA
2025-06-08 00:00:00,IVA,0.03,TARJETA
2025-06-08 00:00:00,TARIFA CONSUMO GASOLINERA,0.2,TARJETA
2025-06-08 00:00:00,AUTOSERVIPAMPA CIA. LT  Q,18.0,TARJETA
2025-06-08 00:00:00,RET IVA SERV DIGITAL 100%,1.2,TARJETA
2025-06-12 00:00:00,ROCK YOUR DOGS          E,23.0,TARJETA
2025-06-12 00:00:00,APP MCDONALDS ECUADOR   G,3.25,TARJETA
2025-06-12 00:00:00,FYBECA                  Q,14.37,TARJETA
2025-06-13 00:00:00,FYBECA                  Q,28.47,TARJETA
2025-06-13 00:00:00,METRORED CONDADO        Q,3.0,TARJETA
2025-06-13 00:00:00,METRORED QUITO EL COND  Q,3.37,TARJETA
2025-06-13 00:00:00,METRORED QUITO EL COND  Q,3.37,TARJETA
2025-06-14 00:00:00,UB *EATS ECUADOR        8,16.2,TARJETA
2025-06-14 00:00:00,RET IVA SERV DIGITAL 10%,0.24,TARJETA
2025-06-15 00:00:00,RET IVA SERV DIGITAL 100%,0.3,TARJETA
2025-06-15 00:00:00,GOOGLE *Google One      6,1.99,TARJETA
2025-06-19 00:00:00,SWEET 8 COFFEECU        Q,4.2,TARJETA
2025-06-20 00:00:00,KFC  K27 COLON          Q,12.99,TARJETA
2025-06-20 00:00:00,OPENAI *CHATGPT SUBSCR  S,20.0,TARJETA
2025-06-20 00:00:00,RET IVA SERV DIGITAL 100%,3.0,TARJETA
2025-06-22 00:00:00,TARIFA CONSUMO GASOLINERA,0.2,TARJETA
2025-06-22 00:00:00,RET IVA SERV DIGITAL 100%,0.5,TARJETA
2025-06-22 00:00:00,IVA,0.03,TARJETA
2025-06-22 00:00:00,DLC*UBER RIDES INT      P,3.34,TARJETA
2025-06-22 00:00:00,AUTOSERVIPAMPA CIA. LT  Q,31.18,TARJETA
2025-06-22 00:00:00,DLC*UBER RIDESAN        S,2.54,TARJETA
2025-06-22 00:00:00,COLORIN COLORADO SAS    Q,24.0,TARJETA
2025-06-22 00:00:00,KSH DLOCAL ARCOS DORAD  E,6.6,TARJETA
2025-06-22 00:00:00,RET IVA SERV DIGITAL 100%,0.38,TARJETA
2025-06-27 00:00:00,Spotify P380A6D3E5      S,3.49,TARJETA
2025-06-27 00:00:00,FYBECA                  Q,18.34,TARJETA
2025-06-27 00:00:00,SUPERMAXI INAQUITO LC   Q,2.59,TARJETA
2025-06-27 00:00:00,RET IVA SERV DIGITAL 100%,0.52,TARJETA
2025-07-01 00:00:00,DLC*UBER RIDES INT      P,3.99,TARJETA
2025-07-01 00:00:00,RET IVA SERV DIGITAL 100%,0.6,TARJETA
2025-07-04 00:00:00,TARIFA CONSUMO GASOLINERA,0.2,TARJETA
2025-07-04 00:00:00,AUTOSERVIPAMPA CIA. LT  Q,30.49,TARJETA
2025-07-04 00:00:00,IVA,0.03,TARJETA
2025-07-08 00:00:00,MICROSOFT*1 MES PARA P  M,7.99,TARJETA
2025-07-08 00:00:00,RET IVA SERV DIGITAL 100%,1.2,TARJETA
2025-07-11 00:00:00,MIRKPAS S.A.            Q,21.0,TARJETA
2025-07-13 00:00:00,UBER EATS INTUSA        P,14.74,TARJETA
2025-07-13 00:00:00,RET IVA SERV DIGITAL 10%,0.22,TARJETA
2025-07-15 00:00:00,RET IVA SERV DIGITAL 100%,0.3,TARJETA
2025-07-15 00:00:00,GOOGLE *Google One      6,1.99,TARJETA
2025-07-16 00:00:00,RET IVA SERV DIGITAL 100%,0.61,TARJETA
2025-07-16 00:00:00,DLC*UBER RIDES INT      P,4.06,TARJETA
2025-07-16 00:00:00,MIMPORTSAP              Q,26.97,TARJETA
2025-07-18 00:00:00,RET IVA SERV DIGITAL 100%,0.38,TARJETA
2025-07-18 00:00:00,DLC*UBER RIDESWE        S,2.54,TARJETA
2025-07-18 00:00:00,ROCK YOUR DOGS          E,63.5,TARJETA
2025-07-20 00:00:00,OPENAI *CHATGPT SUBSCR  S,20.0,TARJETA
2025-07-20 00:00:00,RET IVA SERV DIGITAL 100%,3.0,TARJETA
2025-07-21 00:00:00,TARIFA CONSUMO GASOLINERA,0.2,TARJETA
2025-07-21 00:00:00,ESTACION DE SERVICIO F  E,28.92,TARJETA
2025-07-21 00:00:00,IVA,0.03,TARJETA
2025-07-23 00:00:00,ESTACIONAMIENTOS URBAN  Q,5.0,TARJETA
2025-07-24 00:00:00,SUPERMAXI POMASQUI 122  Q,39.84,TARJETA
2025-07-25 00:00:00,QUIMODA S A  ECU        Q,46.18,TARJETA
2025-07-27 00:00:00,RET IVA SERV DIGITAL 100%,0.52,TARJETA
2025-07-27 00:00:00,Spotify P38F603E2E      S,3.49,TARJETA
2025-07-31 00:00:00,DLC*UBER EATSPAN        S,10.4,TARJETA
2025-07-31 00:00:00,RET IVA SERV DIGITAL 10%,0.16,TARJETA
2025-07-31 00:00:00,RET IVA SERV DIGITAL 100%,0.6,TARJETA
2025-07-31 00:00:00,DLC*UBER RIDES INT      P,3.99,TARJETA
2025-08-01 00:00:00,MCDONALDS LA PRENSA     Q,2.99,TARJETA
2025-08-04 00:00:00,AUTOSERVIPAMPA CIA. LT  Q,32.6,TARJETA
2025-08-04 00:00:00,IVA,0.03,TARJETA
2025-08-04 00:00:00,TARIFA CONSUMO GASOLINERA,0.2,TARJETA
2025-08-06 00:00:00,APP MCDONALDS ECUADOR   G,5.0,TARJETA
2025-08-08 00:00:00,MICROSOFT*1 MES PARA P  M,7.99,TARJETA
2025-08-08 00:00:00,RET IVA SERV DIGITAL 100%,1.2,TARJETA
2025-08-13 00:00:00,Google DPC   ECU        M,0.99,TARJETA
2025-08-15 00:00:00,GOOGLE *Google One      6,1.99,TARJETA
2025-08-20 00:00:00,OPENAI *CHATGPT SUBSCR  S,20.0,TARJETA
2025-08-20 00:00:00,RET IVA SERV DIGITAL 100%,3.0,TARJETA
2025-08-25 00:00:00,RET IVA SERV DIGITAL 10%,0.35,TARJETA
2025-08-25 00:00:00,UB *EATS ECUADOR        8,22.99,TARJETA
2025-08-27 00:00:00,RET IVA SERV DIGITAL 100%,0.52,TARJETA
2025-08-27 00:00:00,Spotify P39EFCDA69      S,3.49,TARJETA
2025-08-30 00:00:00,RET IVA SERV DIGITAL 100%,0.6,TARJETA
2025-08-30 00:00:00,METRORED CONDADO        Q,3.0,TARJETA
2025-08-30 00:00:00,DLC*UBER RIDESAN        S,3.99,TARJETA
2025-09-06 00:00:00,CONT_FIN_SOLCA_C.ROT**,0.07,TARJETA
2025-09-06 00:00:00,INT. FINANCIAMIENTO,2.22,TARJETA
2025-09-06 00:00:00,Google Brawl Stars      M,1.49,TARJETA
2025-09-08 00:00:00,MICROSOFT*1 MES PARA P  M,7.99,TARJETA
2025-09-08 00:00:00,RET IVA SERV DIGITAL 100%,1.2,TARJETA
2025-09-08 00:00:00,DLC*UBER RIDESRL        S,3.74,TARJETA
2025-09-08 00:00:00,RET IVA SERV DIGITAL 100%,0.56,TARJETA
2025-09-08 00:00:00,SUPERMAXI BOSQUE LC 10  Q,12.91,TARJETA
2025-09-15 00:00:00,GOOGLE *Google One      6,1.99,TARJETA
2025-09-17 00:00:00,NC REVERSO CONS D (GOOGLE *Go),-1.79,TARJETA
2025-09-17 00:00:00,DEV IVA SERV DIGITAL 100%,-0.27,TARJETA
2025-09-19 00:00:00,THREE LOUNGE ECU        Q,10.0,TARJETA
2025-09-20 00:00:00,AUTOSERVIPAMPA CIA. LT  Q,35.77,TARJETA
2025-09-20 00:00:00,RET IVA SERV DIGITAL 10%,0.27,TARJETA
2025-09-20 00:00:00,UB *EATS ECUADOR        8,18.23,TARJETA
2025-09-20 00:00:00,TARIFA CONSUMO GASOLINERA,0.2,TARJETA
2025-09-20 00:00:00,IVA,0.03,TARJETA
2025-09-20 00:00:00,RET IVA SERV DIGITAL 100%,1.09,TARJETA
2025-09-20 00:00:00,UBER   *TRIP            H,7.28,TARJETA
2025-09-23 00:00:00,DLC*UBER EATSPAN        S,6.5,TARJETA
2025-09-23 00:00:00,RET IVA SERV DIGITAL 10%,0.1,TARJETA
2025-09-27 00:00:00,RET IVA SERV DIGITAL 100%,0.6,TARJETA
2025-09-27 00:00:00,Spotify P3AEF81C1C      S,3.99,TARJETA
2025-09-29 00:00:00,RET IVA SERV DIGITAL 100%,0.6,TARJETA
2025-09-29 00:00:00,UBER   *ONE MEMBERSHIP  U,3.99,TARJETA
2025-09-29 00:00:00,WL *STEAM PURCHASE      S,3.99,TARJETA
2025-09-30 00:00:00,METRORED  CA USA        Q,3.0,TARJETA
2025-09-30 00:00:00,METRORED QUITO EL COND  Q,16.3,TARJETA
2025-09-30 00:00:00,METRORED QUITO EL COND  Q,6.65,TARJETA
2025-10-03 00:00:00,Google Brawl Stars      M,4.99,TARJETA
2025-10-03 00:00:00,METRORED  ECUECU        Q,3.0,TARJETA
2025-10-04 00:00:00,UB *EATS ECUADOR        8,6.59,TARJETA
2025-10-04 00:00:00,RET IVA SERV DIGITAL 10%,0.1,TARJETA
2025-10-06 00:00:00,APP MCDONALDS ECUADOR   G,15.58,TARJETA
2025-10-06 00:00:00,CONT_FIN_SOLCA_C.ROT**,0.06,TARJETA
2025-10-06 00:00:00,INT. FINANCIAMIENTO,1.74,TARJETA
2025-10-07 00:00:00,APP MCDONALDS ECUADOR   G,13.2,TARJETA
2025-10-07 00:00:00,KS KUSHKI SANPAN        Q,0.29,TARJETA
2025-10-07 00:00:00,NETLIFE KS              Q,32.5,TARJETA
2025-10-13 00:00:00,upg*paymentico.com      N,4.99,TARJETA
2025-10-17 00:00:00,IVA,0.03,TARJETA
2025-10-17 00:00:00,APP MCDONALDS ECUADOR   G,6.7,TARJETA
2025-10-17 00:00:00,ATIMASA 9 DE OCTUBRE    E,20.0,TARJETA
2025-10-17 00:00:00,TARIFA CONSUMO GASOLINERA,0.2,TARJETA
2025-10-17 00:00:00,upg*paymentico.com      L,4.99,TARJETA
2025-10-18 00:00:00,GOOGLE *Google One      M,19.99,TARJETA
2025-10-21 00:00:00,TARIFA CONSUMO GASOLINERA,0.2,TARJETA
2025-10-21 00:00:00,GASOLINERA LOS ALAMOS   Q,31.18,TARJETA
2025-10-21 00:00:00,IVA,0.03,TARJETA
2025-10-24 00:00:00,TARIFA CONSUMO GASOLINERA,0.2,TARJETA
2025-10-24 00:00:00,IVA,0.03,TARJETA
2025-10-24 00:00:00,GASOLINERA  LOS PINOS   E,39.32,TARJETA
2025-10-26 00:00:00,RET IVA SERV DIGITAL 10%,0.36,TARJETA
2025-10-26 00:00:00,UBER EATS INTECU        P,23.7,TARJETA
2025-10-27 00:00:00,RET IVA SERV DIGITAL 100%,0.6,TARJETA
2025-10-27 00:00:00,Spotify P3BDB158F4      S,3.99,TARJETA
2025-10-30 00:00:00,DLC*UBER RIDESCU        P,3.99,TARJETA
2025-10-30 00:00:00,RET IVA SERV DIGITAL 100%,0.6,TARJETA
2025-11-06 00:00:00,CONT_FIN_SOLCA_C.ROT**,0.02,TARJETA
2025-11-06 00:00:00,INT. FINANCIAMIENTO,0.68,TARJETA
2025-11-06 00:00:00,upg*paymentico.com      L,4.99,TARJETA
2025-11-13 00:00:00,CARRETAS  DE USA        Q,10.0,TARJETA
2025-11-13 00:00:00,IVA,0.03,TARJETA
2025-11-13 00:00:00,TARIFA CONSUMO GASOLINERA,0.2,TARJETA
2025-11-14 00:00:00,SUPERMAXI POMASQUI 122  Q,6.03,TARJETA
2025-11-14 00:00:00,SWEET 8 COFFEECU        Q,2.1,TARJETA
2025-11-16 00:00:00,Google Brawl Stars      M,3.49,TARJETA
2025-11-18 00:00:00,Google Brawl Stars      M,3.49,TARJETA
2025-11-25 00:00:00,IVA,0.03,TARJETA
2025-11-25 00:00:00,TARIFA CONSUMO GASOLINERA,0.2,TARJETA
2025-11-25 00:00:00,ATIMASA 9 DE OCTUBRE    E,25.6,TARJETA
2025-11-25 00:00:00,ROCK YOUR DOGS          E,6.0,TARJETA
2025-11-27 00:00:00,RET IVA SERV DIGITAL 100%,0.6,TARJETA
2025-11-27 00:00:00,Spotify P3CD01F4FA      S,3.99,TARJETA
2025-11-28 00:00:00,TARIFA CONSUMO GASOLINERA,0.2,TARJETA
2025-11-28 00:00:00,QUICENTRO SHOPPING      Q,4.0,TARJETA
2025-11-28 00:00:00,MONTESERRIN             E,34.03,TARJETA
2025-11-28 00:00:00,IVA,0.03,TARJETA
2025-11-28 00:00:00,ZARA05    ECUECU        Q,53.2,TARJETA
2025-11-29 00:00:00,RET IVA SERV DIGITAL 100%,0.6,TARJETA
2025-11-29 00:00:00,DLC*UBER RIDESCU        S,3.99,TARJETA
2025-12-05 00:00:00,UBER   *TRIP            H,11.73,TARJETA
2025-12-05 00:00:00,RET IVA SERV DIGITAL 100%,1.76,TARJETA
2025-12-06 00:00:00,CONT_FIN_SOLCA_C.ROT**,0.03,TARJETA
2025-12-06 00:00:00,INT. FINANCIAMIENTO,0.89,TARJETA
2025-12-06 00:00:00,FYBECA                  Q,18.68,TARJETA
2025-12-07 00:00:00,APP MCDONALDS ECUADOR   G,6.6,TARJETA
2025-12-11 00:00:00,RET IVA SERV DIGITAL 10%,0.06,TARJETA
2025-12-11 00:00:00,DLC*UBER EATSECU        S,3.9,TARJETA
2025-12-13 00:00:00,IVA,0.03,TARJETA
2025-12-13 00:00:00,TARIFA CONSUMO GASOLINERA,0.2,TARJETA
2025-12-13 00:00:00,ATIMASA 9 DE OCTUBRE    E,33.38,TARJETA
2025-12-16 00:00:00,UNIVERSIDAD CATOLICA    E,225.0,TARJETA
2025-12-16 00:00:00,APP MCDONALDS ECUADOR   G,4.99,TARJETA
2025-12-18 00:00:00,APP MCDONALDS ECUADOR   G,6.6,TARJETA
2025-12-18 00:00:00,RET IVA SERV DIGITAL 100%,1.55,TARJETA
2025-12-18 00:00:00,DLC*UBER RIDESLD        S,10.33,TARJETA
2025-12-18 00:00:00,SUPERMAXI QUICENTRO LC  Q,12.92,TARJETA
2025-12-19 00:00:00,UB *EATS ECUADOR        8,5.89,TARJETA
2025-12-19 00:00:00,RET IVA SERV DIGITAL 10%,0.09,TARJETA
2025-12-21 00:00:00,AUTOSERVIPAMPA CIA. LT  Q,20.11,TARJETA
2025-12-21 00:00:00,IVA,0.03,TARJETA
2025-12-21 00:00:00,TARIFA CONSUMO GASOLINERA,0.2,TARJETA
2025-12-23 00:00:00,SWEET 8 COFFEECU        Q,1.5,TARJETA
2025-12-23 00:00:00,MB-MAYFLOWER BUFFALOS   Q,6.99,TARJETA
2025-12-27 00:00:00,UB *EATS ECUADOR        8,26.69,TARJETA
2025-12-27 00:00:00,RET IVA SERV DIGITAL 10%,0.4,TARJETA
2025-12-27 00:00:00,Spotify P3DD40AF72      S,3.99,TARJETA
2025-12-27 00:00:00,RET IVA SERV DIGITAL 100%,0.6,TARJETA
2025-12-29 00:00:00,DLC*UBER RIDESLD        S,1.65,TARJETA
2025-12-29 00:00:00,APP MCDONALDS ECUADOR   G,6.6,TARJETA
2025-12-29 00:00:00,RET IVA SERV DIGITAL 100%,0.25,TARJETA
2025-12-30 00:00:00,UBER   *ONE MEMBERSHIP  U,3.99,TARJETA
2025-12-30 00:00:00,RET IVA SERV DIGITAL 100%,0.6,TARJETA
2026-01-01 00:00:00,Google Brawl Stars      M,8.99,TARJETA
2026-01-04 00:00:00,RET IVA SERV DIGITAL 10%,0.13,TARJETA
2026-01-04 00:00:00,UB *EATS ECUADOR        8,8.73,TARJETA
2026-01-04 00:00:00,WL *STEAM PURCHASE      S,4.63,TARJETA
2026-01-07 00:00:00,PROAUTO CARAPUNGO ACC   Q,105.74,TARJETA
2026-01-07 00:00:00,IL CAPPO DIMANGI I014   Q,5.98,TARJETA
2026-01-09 00:00:00,TARIFA CONSUMO GASOLINERA,0.2,TARJETA
2026-01-09 00:00:00,FUEL CENTRAL            Q,14.95,TARJETA
2026-01-09 00:00:00,IVA,0.03,TARJETA
2026-01-16 00:00:00,TARIFA CONSUMO GASOLINERA,0.2,TARJETA
2026-01-16 00:00:00,IVA,0.03,TARJETA
2026-01-16 00:00:00,PROSERVICIOS YA S A S   Q,43.5,TARJETA
2026-01-16 00:00:00,FUEL ORIENTAL           Q,29.95,TARJETA
2026-01-26 00:00:00,PRESTACIONES EN EL EXTERIOR,7.0,TARJETA
2026-01-26 00:00:00,IVA,1.5,TARJETA
2026-01-26 00:00:00,IVA,1.05,TARJETA
2026-01-26 00:00:00,PLAN DE RECOMPENSAS,10.0,TARJETA
2026-01-27 00:00:00,RET IVA SERV DIGITAL 100%,1.05,TARJETA
2026-01-27 00:00:00,Spotify P3EC5110AB      S,6.99,TARJETA
2026-01-28 00:00:00,AUTOSERVIPAMPA CIA. LT  Q,31.4,TARJETA
2026-01-28 00:00:00,IVA,0.03,TARJETA
2026-01-28 00:00:00,TARIFA CONSUMO GASOLINERA,0.2,TARJETA
2026-01-29 00:00:00,FYBECA                  Q,5.5,TARJETA
2026-01-30 00:00:00,RET IVA SERV DIGITAL 100%,0.6,TARJETA
2026-01-30 00:00:00,DLC*UBER RIDESRI        S,3.99,TARJETA
2026-02-01 00:00:00,GOOGLE *CLOUD C4WGWF    6,0.01,TARJETA
2026-02-02 00:00:00,UB *EATS ECUADOR        8,5.47,TARJETA
2026-02-02 00:00:00,UBER   *TRIP            H,4.15,TARJETA
2026-02-02 00:00:00,RET IVA SERV DIGITAL 100%,0.62,TARJETA
2026-02-02 00:00:00,RET IVA SERV DIGITAL 10%,0.08,TARJETA
2026-02-06 00:00:00,CONT_FIN_SOLCA_C.ROT**,0.06,TARJETA
2026-02-06 00:00:00,INT. FINANCIAMIENTO,2.0,TARJETA
