source_id,source_type,nombre_limpio,categoria,tags,prioridad,es_fijo,pertenece_a,es_reembolsable,deudor,felicidad,revisado,nota,split_group_id,group_id,monto_asignado,fondo_id,deuda_id,pago_id
28457b1df1897b235f7c69b8de311bae,BANCA,TRANSF. DIRECTA DE ARCINIEGA BASANTES PAULINA MARIA,Deudas,,---,False,---,False,,0.0,True,,,,,,,
b7a9ce7647ed0dd7c94a012e87833a31,TARJETA,Google Brawl Stars      M,Regalo,"Noah, Navidad_2025",Deseo,False,---,False,,5.0,True,Regalo de navidad,,,,,,
a4444b9cb61df3651158ad0a92826696,TARJETA,UBER EATS,Alimentación,,Deseo,False,Familia,True,Madre,3.0,True,Milanesas,,,,,18b1f78b-891d-4af3-818a-2f664cf02272,
4cc9ae28859b9d402bc801aba8447e12,TARJETA,WL *STEAM PURCHASE      S,Mujeres,Sexualidad,Deseo,False,---,False,,7.0,True,Stripchat,,,,,,
3d9774b909ee24aad0a9ac8860b5bd22,BANCA,Jhonny U,Ocio,Concierto,Deseo,False,Yo,True,Madre,7.0,True,Concierto Milo J,,c72d690f-d8e9-46cc-aa42-77d3c7d9c9a5,,,134b4b7b-4745-4871-8f5c-4db8f21b5ca8,
fd671c3343f674e713d138e392badf34,BANCA,Jhonny U,Ocio,Concierto,Deseo,False,Yo,True,Madre,7.0,True,Concierto Milo J,,c72d690f-d8e9-46cc-aa42-77d3c7d9c9a5,,,134b4b7b-4745-4871-8f5c-4db8f21b5ca8,
4039326877b7e45a103e825a444e0003,BANCA,TRANSF. DEUNA A JESSENIA PATRICIA DELGADO ZAMBRANO,Alimentación,Almuerzo,Necesidad,False,Yo,True,Madre,0.0,True,Fin de semana,,,,,,
cd33ee9e05c0924c4b8290964727fa2c,BANCA,TRANSF. DEUNA A JESSENIA PATRICIA DELGADO ZAMBRANO,Alimentación,Almuerzo,Necesidad,False,---,False,,5.0,True,,,,,8742d56b-9583-4c52-8d2a-f0d7b15db287,,
277afb4151bfa7a3330e4ead6fb02439,BANCA,Parqueadero U,Transporte,Parqueadero,Necesidad,True,---,False,,3.0,True,,,,,e5988525-9016-4714-a260-2a0d313d384d,,
797dab88799d108d0ce3d836a34a1ea6,BANCA,Parqueadero U,Transporte,Parqueadero,Necesidad,True,---,False,,3.0,True,,,,,e5988525-9016-4714-a260-2a0d313d384d,,
6765e6316361c0a8b48e3de51c6e9331,BANCA,Manabas Grill Almuerzos,Alimentación,Almuerzo,Necesidad,False,---,False,,5.0,True,,,,,8742d56b-9583-4c52-8d2a-f0d7b15db287,,
f650de3093f05599ef5fa46c9ca835f5,BANCA,TRANSF. DIRECTA A ARTEAGA  CARBAJAL DANIELA ABIGAIL,Alimentación,,Deseo,False,---,False,,0.0,True,Pastelito,,,,,,
9e5346c1afa16c11b066f7042686fdc8,TARJETA,PROAUTO CARAPUNGO ACC   Q,Transporte,Mantenimiento Carro,Necesidad,True,Yo,True,Madre,0.0,True,Mantenimiento,,,,,3420e2ec-7b92-4bc3-9a25-8dc6c464901e,
cbd3f93e57c79c8d2d944f3165f7ed4a,BANCA,Manabas Grill Almuerzos,Alimentación,Almuerzo,Necesidad,False,---,False,,0.0,True,,,,,8742d56b-9583-4c52-8d2a-f0d7b15db287,,
7f0af053ba3bc34c07b4f2684b213b99,TARJETA,Fuel Central Gasolinera,Transporte,Gasolina,Necesidad,False,---,False,,5.0,True,,,,,,,
d2b4df68458a1df3c00509a122434bab,TARJETA,Tarifa Consumo Gasolinera,Transporte,Gasolina,Necesidad,True,---,False,,0.0,True,,,,,,,
64d145f4dbcea74d32a7c87611c3847d,BANCA,Hermana,Mensual,Transporte Noah,---,True,---,False,,0.0,True,,,,,,,
0f094fae08398fbe31c64dcdfdd630fd,BANCA,Motel Dos Pinos,Mujeres,"Sexualidad, Renata",Deseo,False,---,False,,7.0,True,,,,,,,
0f66a5ae77dd94136c70f5f81df33f35,BANCA,Transf. Deuna A Juan Carlos Balla Yumbo,Alimentación,Almuerzo,Necesidad,False,---,False,,0.0,True,,,,,8742d56b-9583-4c52-8d2a-f0d7b15db287,,
79f8bcaab355d82a5a5f4a3bf7e09a25,BANCA,Transf. Deuna A Daniela Abigail Arteaga Carbajal,Alimentación,,Deseo,False,---,False,,3.0,True,pastel,,,,,,
ec98cb44e3b79a67ceb3b1341dd98da5,BANCA,Transf. Deuna A Daniela Abigail Arteaga Carbajal,Alimentación,Renata,Deseo,False,---,False,,0.0,True,Frutillas,,,,,,
e128fd8fe0c1183d177c3f4fcc8ee322,BANCA,Transf. Directa A Guevara  Olmedo Mateo Nicolas,Alimentación,Almuerzo,Deseo,False,---,False,,7.0,True,,,,,8742d56b-9583-4c52-8d2a-f0d7b15db287,,
d1ae7993c16241e838d3ffafaa0408c9,TARJETA,Il Cappo Dimangi I014   Q,Alimentación,Almuerzo,Necesidad,False,---,False,,7.0,True,,,,,8742d56b-9583-4c52-8d2a-f0d7b15db287,,
9ccab83a54290984700a85a40e0c0664,BANCA,Transf. Deuna A Maria Angelica Yanez Romero,Alimentación,Almuerzo,Necesidad,False,---,False,,0.0,True,,,,,8742d56b-9583-4c52-8d2a-f0d7b15db287,,
b29f361ea61a14dff16d39a174d495b2,BANCA,Transf. Deuna A Enrique Javier Viera Mendoza,Alimentación,Almuerzo,Necesidad,False,Familia,True,Madre,0.0,True,Encebollado Finde,,9d67fbc5-6315-4ab1-b151-6dcd39bef943,,,fd0f8a75-37a1-485f-9f2b-81b4861ebc00,
f419dea064b1c08a9ce92e6e2fa06995,BANCA,Transf. Deuna A Enrique Javier Viera Mendoza,Alimentación,Almuerzo,Necesidad,False,Familia,True,Madre,0.0,True,Encebollado Finde,,9d67fbc5-6315-4ab1-b151-6dcd39bef943,,,fd0f8a75-37a1-485f-9f2b-81b4861ebc00,
7741c062f3ef58b9c5081b44f36d1520,BANCA,Sanduche 1 Dolar,Alimentación,,---,False,---,False,,0.0,True,,,,,,,
2cd10249df05e3d002219c77d0fcc39b,BANCA,Madre,Deudas,,---,False,---,False,,0.0,True,,,5eac5de7-515d-4ecf-84ba-89169ef47925,,,,
75dba45fddec6ee8db3c002d6fcb113a,BANCA,Madre,Deudas,,---,False,---,False,,0.0,True,,,5eac5de7-515d-4ecf-84ba-89169ef47925,,,,
bce0d8196c2c8689d86c910eaf6a348b,BANCA,Transf. Directa A Pazmiño  Vallejo Norma Isabel,Viajes,CB_2025,Deseo,False,Yo,True,Madre,7.0,True,,,,,,0c4058d2-0350-4fd0-a7c1-7e8f2503cd50,
5433ee3b05680d95b681477dc0f9b342,BANCA,Leo,Ocio,Trago,Deseo,False,---,False,,7.0,True,,,,,,,
e21e3aaaaa4d866657f335418ab5438c,BANCA,Transf. Deuna A Micromercado Sebas,Ocio,Trago,Deseo,False,---,False,,7.0,True,,,,,,,
681237b66157c102958950376308252d,BANCA,Transf. Directa De Dominique Lourdes Verkade Montiel,Alimentación,Merienda,Deseo,False,---,False,,5.0,True,Shawarma,,c46c89cf-6449-487b-a89c-4900420ccfa5,,,,
6276ae80de0235633c6ab14d0f9facb4,BANCA,Transf. Directa De Dominique Lourdes Verkade Montiel,Alimentación,Merienda,Deseo,False,---,False,,5.0,True,Shawarma,,c46c89cf-6449-487b-a89c-4900420ccfa5,,,,
735a42aad5127814eecef41abc1af8f4,TARJETA,Fuel Oriental Gasolinera,Transporte,Gasolina,Necesidad,False,---,False,,5.0,True,,,,,,,
f5f4fa5d05dd55768c00e53b98694c99,TARJETA,Tantra,Mujeres,"Sexualidad, Motel, Majo",Deseo,False,---,False,,7.0,True,,,,,,,
35b68ad56b6f2258b6658881cc0f9e2a,BANCA,Pago Por Servicio De Combos Tuenti,Mujeres,Renata,Deseo,False,---,False,,3.0,True,,,,,,,
063fecbeda8ffa10156f8b323007b6c2,BANCA,Taurus,Alimentación,Desauno,Necesidad,False,Familia,True,Madre,0.0,True,,,,,,7b727b50-fb02-4124-b614-204690809d01,
5a480fe5be824961fa4f94192266bbb6,BANCA,Menestras Simon,Alimentación,Almuerzo,Necesidad,False,---,True,,5.0,True,,,,,,,
0c5317464b2e58a26a2a584595dcdb36,BANCA,Transf. Directa A Pazmiño  Vallejo Norma Isabel,Viajes,CB_2025,Deseo,False,---,False,,7.0,True,,,,,,,
0c431249cbb0988fba5a762a22701427,BANCA,Motel Dos Pinos,Mujeres,"Sexualidad, Renata",Deseo,False,---,False,,7.0,True,,,,,,,
b96c5333909564da3b6273ffb37a16fe,BANCA,Pago Tarjeta Principal,Tarjeta,Tarjeta,---,False,---,False,,0.0,True,,,,,,,
4d8f8b739d1e62e56d44e0b28701683c,BANCA,Manabas Grill Almuerzos,Alimentación,Almuerzo,Necesidad,False,---,False,,0.0,True,,,,,8742d56b-9583-4c52-8d2a-f0d7b15db287,,
05671ca9eb17bfac9b7087af720bd570,BANCA,Apertura De Depóstio A Plazo Fijo,Inversion,Inversion,---,False,---,False,,0.0,True,,,,,,,
a470ab2048dd9d23570ae98bd585a451,BANCA,Madre,Mensual,Mensual_Comida,---,False,---,False,,0.0,True,,,,,8742d56b-9583-4c52-8d2a-f0d7b15db287,,
9ed1808104419df62cd4adbbe88e415f,BANCA,Manabas Grill Almuerzos,Alimentación,Almuerzo,Necesidad,False,---,False,,0.0,True,,,,,8742d56b-9583-4c52-8d2a-f0d7b15db287,,
a4588b5b1907373df568290cc6b5267a,BANCA,Taurus,Alimentación,Desauno,Necesidad,False,Yo,True,Madre,0.0,True,,,,,,,
5a0f7da73c463440716ceb58d4a993ca,BANCA,Menestras Simon,Alimentación,Almuerzo,Necesidad,False,---,False,,7.0,True,,,,,8742d56b-9583-4c52-8d2a-f0d7b15db287,,
fdda54c0dd1add7c7cff486670018793,BANCA,Motel U,Mujeres,"Sexualidad, Motel, Renata",Deseo,False,---,False,,9.0,True,,,,,,,
b09b6adbc8077fa2c9a826c7cdff94c3,BANCA,Transf. Deuna A Esquites,Mujeres,Renata,Deseo,False,---,False,,1.0,True,,,,,,,
a481a44ba632e46cb8156433aaf6a529,BANCA,Transf. Deuna A Maria Elena Recalde Estacio,Alimentación,Almuerzo,Necesidad,False,---,False,,5.0,True,,,,,8742d56b-9583-4c52-8d2a-f0d7b15db287,,
519d5c7756fefc9568ee9766eb1e61b1,BANCA,Poliburger,Alimentación,Almuerzo,Necesidad,False,---,False,,6.0,True,,,,,8742d56b-9583-4c52-8d2a-f0d7b15db287,,
023a751f2b4c999ef443c491e1150793,TARJETA,Spotify,Subscripciones,,Deseo,False,Yo,True,Madre,0.0,True,,,8dbeb0d2-7c64-4f02-ae64-79e7fb1123b0,,,,
80464599e1c65e0cdd103b750cb32b70,TARJETA,Spotify,Subscripciones,,Deseo,False,Yo,True,Madre,0.0,True,,,8dbeb0d2-7c64-4f02-ae64-79e7fb1123b0,,,,
6052d6a39172bb0859d87ba076bf2c76,TARJETA,Autoservipampa,Transporte,Gasolina,Necesidad,False,---,False,,0.0,True,,,4d690b32-b3ab-4a98-ac9a-c82c0d64d5ce,,,,
b9d58c9574bd07dec46f5099fc2b025b,TARJETA,Autoservipampa,Transporte,Gasolina,Necesidad,False,---,False,,0.0,True,,,4d690b32-b3ab-4a98-ac9a-c82c0d64d5ce,,,,
4fdd7ac4b64f84b1bcdfbf78cf2d4224,TARJETA,Autoservipampa,Transporte,Gasolina,Necesidad,False,---,False,,0.0,True,,,4d690b32-b3ab-4a98-ac9a-c82c0d64d5ce,,,,
3a80091fbaf981640aa84a9dbef82d4d,BANCA,Sanduche 1 Dolar,Alimentación,,Deseo,False,---,False,,0.0,True,,,,,,,
ad5f49bb273acbbce70246b2508e699d,BANCA,Leo,Ocio,Trago,Deseo,False,---,False,,0.0,True,,,,,,,
43a7a229b479c250c8d3018380d79139,TARJETA,Fybeca,Salud,,Necesidad,False,Mamá,True,Madre,0.0,True,Medicamentos madre,,,,,7b035ba1-a973-413e-a750-c5462b108ab4,
7a674a20f029b852098239b0c260bb06,TARJETA,Uber,Subscripciones,,Deseo,False,---,False,,0.0,True,,,3b692250-5fc0-4eef-8a42-1cf75b9d9924,,,,
45f2bb2f72622c12a510ef23280e9cc2,TARJETA,Uber,Subscripciones,,Deseo,False,---,False,,0.0,True,,,3b692250-5fc0-4eef-8a42-1cf75b9d9924,,,,
45e3414f644f12b5d7214d9560cd3248,BANCA,Uber,Subscripciones,,Deseo,False,---,False,,0.0,True,,,3b692250-5fc0-4eef-8a42-1cf75b9d9924,,,,
66d8f8abe3475f306d32d672ee63f5e5,BANCA,Transf. Directa A Carvajal  Carvajal Luis Alexander,Alimentación,Almuerzo,Necesidad,False,---,False,,0.0,True,,,,,8742d56b-9583-4c52-8d2a-f0d7b15db287,,
aa5906e5cbffbf2001e09a644e2b40e5,BANCA,Madre,Mensual,Parqueadero,---,False,---,False,,0.0,True,,,,,e5988525-9016-4714-a260-2a0d313d384d,,
231e8b8b65cfccdac366e342f7dd5c27,BANCA,Madre,Mensual,"Mensual, Mensual_Comida",---,False,---,False,,0.0,True,,,,,8742d56b-9583-4c52-8d2a-f0d7b15db287,,
360322d3d1cbdca0f60fe2f7af7924bf,BANCA,Madre,Mensual,"Mensual_Gasolina, Gasolina",Necesidad,False,---,False,,0.0,True,,,,,9fd02acc-e6a0-4596-ae82-5cc9f83c6b94,,
1508fbadb8879211989c35a0291b0315,BANCA,TRANSFERENCIA DIRECTA DE ARCINIEGA BASANTES PAULINA MARIA,Deudas,,---,False,---,False,,0.0,True,,,ca1fe41b-dc1a-4c3b-a27e-87899eb324fd,,,,
d834d129772c420dff7940ab50c99f76,BANCA,TRANSFERENCIA DIRECTA DE ARCINIEGA BASANTES PAULINA MARIA,Deudas,,---,False,---,False,,0.0,True,,,ca1fe41b-dc1a-4c3b-a27e-87899eb324fd,,,,
a1259ad6cf754cd68e156f539a1de37f,BANCA,TRANSFERENCIA DIRECTA DE ARCINIEGA BASANTES PAULINA MARIA,Mensual,Mensual,Necesidad,False,---,False,,0.0,True,,,,,,,
69577003b93fd39745d6aef92131c561,BANCA,Cancelacion Plazo Fijo,Inversion,Inversion,---,False,---,False,,0.0,True,,,,,,,
97bf66008734607cbf33881a9de2a56c,BANCA,Interes (Transferencia Interior),Inversion,Inversion,---,False,---,False,,0.0,True,,,,,,,
d199d21c3ea1c1337173e4a3dd9deb9f,BANCA,Menestras Simon,Alimentación,Almuerzo,Necesidad,False,---,False,,7.0,True,,,,,8742d56b-9583-4c52-8d2a-f0d7b15db287,,
6f42d9f16eb2440ac69dfa0e30a70a22,BANCA,Transf. Directa A Sosa  Loroña Anthony Sebastian,Ocio,Trago,Deseo,False,---,False,,7.0,True,,,e55a2aee-c24a-4851-9667-86492ec3f1bb,,,,
aa7efed4a7f847f80f2a97418f05913a,BANCA,Transf. Directa A Sosa  Loroña Anthony Sebastian,Ocio,Trago,Deseo,False,---,False,,7.0,True,,,e55a2aee-c24a-4851-9667-86492ec3f1bb,,,,
c53929cb46609bb6bbd52e75c65ae4f1,BANCA,Transf. Directa A Sosa  Loroña Anthony Sebastian,Ocio,Trago,Deseo,False,---,False,,7.0,True,,,e55a2aee-c24a-4851-9667-86492ec3f1bb,,,,
b9883b98f3490455d22b66e45c32adbd,BANCA,Sanduche 1 Dolar,Alimentación,Almuerzo,Necesidad,False,---,False,,5.0,True,,,,,8742d56b-9583-4c52-8d2a-f0d7b15db287,,
8ca5ac661a58659e61aae024e8e6e762,BANCA,Transf. Deuna A Noralma Cecibell Mendoza Andrade,Regalo,Navidad_2025,Deseo,False,---,False,,7.0,True,,,,,,,
79e58b76799efe6e7885a1cd44717b42,TARJETA,Sweet Coffee,Alimentación,,Deseo,False,---,False,,5.0,True,,,,,,,
9c68d5a94eb5ce27a02ddd6609933e6b,TARJETA,Mayflower,Alimentación,Almuerzo,Necesidad,False,---,False,,3.0,True,,,,,8742d56b-9583-4c52-8d2a-f0d7b15db287,,
32292a2f02c4222840347c7db80d2fbb,BANCA,Taurus,Alimentación,Desauno,Necesidad,False,Yo,True,Madre,5.0,True,,,,,,599cf988-06ca-4aa9-b970-284ff46ec3f6,
a3077de695c23b1f4e886e43dc2eb3c2,BANCA,Taurus,Alimentación,Desauno,Necesidad,False,Familia,True,Madre,0.0,True,,,,,,a001c299-0394-443f-8858-f86209d1b608,
e64e969af70e808a973df5f41dc5b07c,BANCA,251226076Zkj-Automoto-Rec-1714675020,Otro,Pago_Kardian,---,False,---,False,,0.0,True,,,,,,,
8772761e2837cec7f83bbef77c3adac7,TARJETA,UBER EATS,Alimentación,Almuerzo,Necesidad,False,Familia,True,Madre,0.0,True,Stav,,417baadb-0c21-4315-9902-bc4f558b87d5,,,94593fbb-9643-4ec1-aca7-8af42882f918,
63994415d4a10ee203c721855766a6d8,TARJETA,Spotify,Subscripciones,,Deseo,False,Yo,True,Madre,7.0,True,,,4fe89fcb-6bcf-449f-95af-b656d77df9b1,,,,
253c05a01c54c3764ab8f3b915c008cd,TARJETA,Spotify,Subscripciones,,Deseo,False,Yo,True,Madre,7.0,True,,,4fe89fcb-6bcf-449f-95af-b656d77df9b1,,,,
2f3109bc5c20047a0ed84b2dd030dc16,TARJETA,UBER EATS,Alimentación,Almuerzo,Necesidad,False,Familia,True,Madre,0.0,True,Stav,,417baadb-0c21-4315-9902-bc4f558b87d5,,,94593fbb-9643-4ec1-aca7-8af42882f918,
1824655e01c1c673af561ef51242b66b,BANCA,Hermana,Otro,Pago_Kardian,---,True,---,False,,0.0,True,,,,,,,
c8866494a8221773e1085c7562e0cac8,BANCA,Transf. Deuna A Karina Alexandra Tutistar Sarango,Ocio,Trago,Deseo,False,---,False,,5.0,True,,,,,,,
6830bacbeb217dfd1cf18eeb87e55cac,BANCA,Transf. Interbancaria A Dapper Detailing Studio S A S,Transporte,Carwash,Deseo,False,---,False,,7.0,True,,,,,,,
481c0418121f56f0dfd5a5817f8eb410,TARJETA,Mc,Alimentación,Almuerzo,Necesidad,False,---,False,,7.0,True,Almuerzo Car Wash Cumbaya,,96c0ee25-df78-4537-a9eb-b03330ccf39f,,8742d56b-9583-4c52-8d2a-f0d7b15db287,,
a132f5bc198a56d97ab205fb94e4f60c,TARJETA,Mc,Alimentación,Almuerzo,Necesidad,False,---,False,,7.0,True,Almuerzo Car Wash Cumbaya,,96c0ee25-df78-4537-a9eb-b03330ccf39f,,8742d56b-9583-4c52-8d2a-f0d7b15db287,,
0776169ad5913b6f61398f9303314fbe,TARJETA,Mc,Alimentación,Almuerzo,Necesidad,False,---,False,,7.0,True,Almuerzo Car Wash Cumbaya,,96c0ee25-df78-4537-a9eb-b03330ccf39f,,8742d56b-9583-4c52-8d2a-f0d7b15db287,,
be8dbe396ebbfdec3226c0470848765c,BANCA,Menestras Simon,Alimentación,Almuerzo,Necesidad,False,---,False,,5.0,True,,,,,8742d56b-9583-4c52-8d2a-f0d7b15db287,,
7c1afcfc09bd2d22d221dad63940022e,TARJETA,Uber   *One Membership  U,Subscripciones,,---,True,Yo,True,Madre,0.0,True,,,48f63f03-b2c0-4339-86cd-9787b31e9fe5,,,5735ac7c-bc5b-4aaa-a35b-3ac47766372d,
12681dda669d0d40aebbac7153533370,TARJETA,Uber   *One Membership  U,Subscripciones,,---,True,Yo,True,Madre,0.0,True,,,48f63f03-b2c0-4339-86cd-9787b31e9fe5,,,5735ac7c-bc5b-4aaa-a35b-3ac47766372d,
ad0e1b1184987c42be1e5c2bcc057c6c,BANCA,Morochos,Alimentación,Merienda,Deseo,False,---,False,,5.0,True,,,,,,,
8beb597129278d54a9b57847e66e8811,BANCA,Taurus,Alimentación,Desauno,Necesidad,False,---,False,,5.0,True,,,,,,,
fd28446a4448c045aef6d8909c898f8b,BANCA,Menestras Simon,Alimentación,Almuerzo,Necesidad,False,---,False,,5.0,True,,,,,8742d56b-9583-4c52-8d2a-f0d7b15db287,,
76ba2c89369ebfe8d7166ac13538ed30,BANCA,,Alimentación,Almuerzo,,,,,,,True,Almuerzo Noah,b4f8a0ef-b09a-4d06-8210-a029d94df49b,,3.5,8742d56b-9583-4c52-8d2a-f0d7b15db287,,
76ba2c89369ebfe8d7166ac13538ed30,BANCA,,Alimentación,Almuerzo,,,,,,,True,,e601be2f-d829-4b30-88e0-70d3aaea6780,,3.0,8742d56b-9583-4c52-8d2a-f0d7b15db287,,
e713920bb67d518fa7b525b8a68bb3bd,BANCA,Transf. Deuna A Agromiro Ec S A Agromiro Ec,Alimentación,Almuerzo,Necesidad,False,---,False,,5.0,True,,,,,8742d56b-9583-4c52-8d2a-f0d7b15db287,,
a6bdb73e8f1c0ac504aaef4b9172abaa,BANCA,Taurus,Alimentación,Desauno,Necesidad,False,---,False,,0.0,True,,,,,,,
0abe836147d9b4bc9862a3108afc3a59,BANCA,Madre,Deudas,,---,False,---,False,,0.0,True,,,,,,,
9d2da80fb6be376d85f5de39dcc44aaa,TARJETA,Gasolinera Atimasa,Transporte,Gasolina,Necesidad,False,---,False,,5.0,True,,,1e494aea-b88c-446c-874e-0abf7f7c41bb,,,,
0119f014e2b4b667185d6b14d48a8288,TARJETA,Gasolinera Atimasa,Transporte,Gasolina,Necesidad,False,---,False,,5.0,True,,,1e494aea-b88c-446c-874e-0abf7f7c41bb,,,,
7fa4ab64bef8112856a2118bd9956d93,TARJETA,Rock Hamburguesas,Alimentación,Almuerzo,Necesidad,False,---,False,,6.0,True,,,,,8742d56b-9583-4c52-8d2a-f0d7b15db287,,
ee323fd96c73fe842d7b48d02d49fa41,BANCA,Motel Dos Pinos,Ocio,"Sexualidad, Renata, Motel",Deseo,False,---,False,,8.0,True,,,,,,,
e5c3099fda9e9341cf87db3830e370e3,BANCA,Manabas Grill Almuerzos,Alimentación,Almuerzo,Necesidad,False,---,False,,6.0,True,,,,,8742d56b-9583-4c52-8d2a-f0d7b15db287,,
b3064cba201aa5950ea733c48b667145,TARJETA,Spotify,Subscripciones,,Deseo,False,---,False,,6.0,True,,,a54272c8-68ee-4917-aec4-e88e00ef3b29,,,,
ed4e0b72e15b76dc7c12e87098dffb3f,TARJETA,Spotify,Subscripciones,,Deseo,False,---,False,,6.0,True,,,a54272c8-68ee-4917-aec4-e88e00ef3b29,,,,
3bd88eb2df5b8f8f1bdbf55c1760ada1,TARJETA,Gasolinera Monteserrin,Transporte,Gasolina,Necesidad,False,---,False,,0.0,True,,,5a080905-8554-4daf-a577-99a13ebbeef5,,,,
eb55ca04ac7c3df4ab956b2a9c52ab54,TARJETA,Gasolinera Monteserrin,Transporte,Gasolina,Necesidad,False,---,False,,0.0,True,,,5a080905-8554-4daf-a577-99a13ebbeef5,,,,
4a1cf89af9f718b745daa66fb219d303,TARJETA,Zara,Ropa,,Deseo,False,Yo,True,Ñaña,0.0,True,Regalo de Navidad hermana,,,,,14195fbe-b2c1-42f2-a681-79c339adff0f,
87a2031d8390778f7c3891fa287caf35,TARJETA,Quicentro Shopping,Transporte,Parqueadero,Deseo,False,---,False,,5.0,True,,,,,,,
988ff91bd9029bd37e380bb40177cac9,BANCA,Transf. Deuna A Daniel Larrea Luna,Ocio,,Deseo,False,---,False,,7.0,True,Scape Room,,,,,,
1e5fe8e2460eb8976725b17cc72d4082,BANCA,Transf. Directa A Martinez  Vizuete Kevin Daniel,Alimentación,,Deseo,False,---,False,,5.0,True,,,33ded540-238d-48cc-996c-c6531c0cca43,,,,
13164f715abdd98e42999654ffbca227,BANCA,Transf. Directa A Martinez  Vizuete Kevin Daniel,Alimentación,,Deseo,False,---,False,,5.0,True,,,33ded540-238d-48cc-996c-c6531c0cca43,,,,
acec56ac8f83e1d5708ff1f521dfee1a,TARJETA,Uber,Subscripciones,,Deseo,False,---,False,,5.0,True,,,62080c35-630a-4181-9255-0fa1f7b6f876,,,,
e0d2a39fd88739c190ef2b4d8a13c98a,TARJETA,Uber,Subscripciones,,Deseo,False,---,False,,5.0,True,,,62080c35-630a-4181-9255-0fa1f7b6f876,,,,
331849771be3bc6261fa2cd428f3d20c,BANCA,Taurus,Alimentación,Desauno,Necesidad,False,Familia,True,Madre,0.0,True,,,,,,1f87a54b-ffff-4cc6-ac93-7f33529d2fc4,
5f3ec8def05f7302d49569d72d6bd0c5,BANCA,TRANSF. DIRECTA A PANILUISA  CHICAIZA EDISON ORLANDO,Alimentación,,Necesidad,False,Familia,True,Madre,5.0,True,Comida merienda,,,,,70b5967d-9e08-4161-b25e-3f722f2826e9,
97d6d57c6ee2b40cd9b619d591493b40,BANCA,Manabas Grill Almuerzos,Alimentación,Almuerzo,Necesidad,False,---,False,,6.0,True,,,,,8742d56b-9583-4c52-8d2a-f0d7b15db287,,
fe9e8394c0c23fd1a3cc1d698a23591e,BANCA,Transf. Deuna A Bodega San Lukas,Regalo,Navidad_2025,Deseo,False,---,False,,7.0,True,,,49beebe4-83a7-467e-acca-9cb67253122d,,,,
889990497a8e9e84c75272f26d1224cb,BANCA,Transf. Deuna A Bodega San Lukas,Regalo,Navidad_2025,Deseo,False,---,False,,7.0,True,,,49beebe4-83a7-467e-acca-9cb67253122d,,,,
50ac2124ee86006e16bc1e8ac542215b,BANCA,Transf. Deuna A Bodega San Lukas,Regalo,Navidad_2025,Deseo,False,---,False,,7.0,True,,,49beebe4-83a7-467e-acca-9cb67253122d,,,,
42cf980aa1bdcfae79d8119a4f9ca60a,BANCA,Transf. Deuna A Bodega San Lukas,Regalo,Navidad_2025,Deseo,False,---,False,,7.0,True,,,49beebe4-83a7-467e-acca-9cb67253122d,,,,
e03d2a9ff7955947cdd96018bfce3ed2,BANCA,Transf. Deuna A Bodega San Lukas,Regalo,Navidad_2025,Deseo,False,---,False,,7.0,True,,,49beebe4-83a7-467e-acca-9cb67253122d,,,,
13227b43b0d36a69261035ca52852c77,BANCA,Transf. Directa A Alvarez  Burbano Domenica Mishell,Ocio,"Fiestas_Quito_2025, Trago",Deseo,False,---,False,,8.0,True,,,,,,,
bb6f85058947ffcfad070397c8cdbcc7,BANCA,2512041Xgvna-Maste Bp-Rec-22306700007562,Tarjeta,Tarjeta,Necesidad,False,---,False,,5.0,True,,,,,,,
43e9b01573000c5aff81db2bddf906cc,BANCA,Manabas Grill Almuerzos,Alimentación,Almuerzo,Necesidad,False,---,False,,6.0,True,,,,,8742d56b-9583-4c52-8d2a-f0d7b15db287,,
e94aa8ec7dd6ee36676e013edec80c1a,BANCA,Canelazo,Ocio,Fiestas_Quito_2025,Deseo,False,---,False,,7.0,True,,,cf7b655b-1494-4ef1-ba1d-65c94f380260,,,,
ed6b276496e8d40b31e5287a6cebdbec,BANCA,Canelazo,Ocio,Fiestas_Quito_2025,Deseo,False,---,False,,7.0,True,,,cf7b655b-1494-4ef1-ba1d-65c94f380260,,,,
cc15ca06bb2c5bc06f8ad62ec9cfb2cd,TARJETA,,,,,,,,,,,,,27636079-cc3d-47e3-8466-936ecd093bd7,,,,
8c572942334760a16f44a6d55f54922d,TARJETA,Uber,Subscripciones,Fiestas_Quito_2025,Deseo,False,Amigo,True,rubia,0.0,True,,c5435fcc-1bd2-43a7-aae4-6661e67a15b5,,-6.73,,2e372255-9908-4d5e-be6f-687302cc5ef8,
8c572942334760a16f44a6d55f54922d,TARJETA,Uber,Transporte,Fiestas_Quito_2025,,False,,False,rubia,0.0,True,,110b164a-2ef6-4cde-9428-86edd3308a7e,,-5.0,,2e372255-9908-4d5e-be6f-687302cc5ef8,
342e545adb128e672767dc2759aabe18,TARJETA,Fybeca,Salud,Vista,Necesidad,False,Yo,True,Madre,5.0,True,Gotas Ojos,1fca5ae3-e5e5-4f80-bf12-77f2fd773b27,,-13.8,,,
342e545adb128e672767dc2759aabe18,TARJETA,,Regalo,,Deseo,False,---,False,,6.0,True,Regalo a Andreita,64fed9af-5ddd-4667-9a36-3314bd89a126,,-4.879999999999999,,,
92eb4a259176239b3c4ff0d5bda3e79f,TARJETA,Mc,Alimentación,Fiestas_Quito_2025,Necesidad,False,---,False,,6.0,True,,,,,,,
736c0aec536d6e9ae39519ab65b3ecc0,BANCA,Chiva,Ocio,Fiestas_Quito_2025,Deseo,False,---,False,,6.0,True,,,,,,,
b7ef18ca240dbf1f541643d40f1cd21b,BANCA,Manabas Grill Almuerzos,Alimentación,Almuerzo,Necesidad,False,---,False,,0.0,True,,,,,8742d56b-9583-4c52-8d2a-f0d7b15db287,,
3412a6ae41f5d2458b2d5ccca04fb3ee,BANCA,Menestras Simon,Alimentación,Almuerzo,Necesidad,False,---,False,,5.0,True,,,,,8742d56b-9583-4c52-8d2a-f0d7b15db287,,
34b3d9b7839e47c80878615509c43ebb,BANCA,TRANSF. DIRECTA A LINCANGO  MURILLO RUTH LORENA,Ocio,"Fiestas_Quito_2025, Trago",Deseo,False,---,False,,7.0,True,,,7f5d3907-deb5-49bb-af77-98ac9cd015b1,,,,
df05c9b07e8d842e7d7edec706ae52f5,BANCA,TRANSF. DIRECTA A LINCANGO  MURILLO RUTH LORENA,Ocio,"Fiestas_Quito_2025, Trago",Deseo,False,---,False,,7.0,True,,,7f5d3907-deb5-49bb-af77-98ac9cd015b1,,,,
d6dac73357d51a84c34488b5d13cf98e,BANCA,TRANSF. DIRECTA A DAZA  ROMERO GINA SORAYA DE LOS ANGELES,Alimentación,,Necesidad,False,---,False,,0.0,True,,,,,,,
898db03cb1dd360f7cb26704735df050,TARJETA,Subcripcion Uber,Subscripciones,,Deseo,True,---,False,,6.0,True,,,3093842c-91f0-47a8-bbd4-b596247d1a9d,,,,
2c0f3d5b2be046f947a9c8e34ad07c58,TARJETA,Subcripcion Uber,Subscripciones,,Deseo,True,---,False,,6.0,True,,,3093842c-91f0-47a8-bbd4-b596247d1a9d,,,,
d04690131b8322ebc984a32a975154e0,BANCA,Hermana,Mensual,Transporte Noah,---,True,---,False,,0.0,True,,,,,,,
3bb99044642b9a3ed193acd6eec9c1e0,BANCA,Transf. Deuna A Mei Wah Restaurante,Alimentación,Almuerzo,Deseo,False,---,False,,7.0,True,,,da6faeb7-432f-4635-93d3-e8b5da690ab1,,8742d56b-9583-4c52-8d2a-f0d7b15db287,,
8db8bca4d7a43000e4129be7659ac0a0,BANCA,Transf. Deuna A Mei Wah Restaurante,Alimentación,Almuerzo,Deseo,False,---,False,,7.0,True,,,da6faeb7-432f-4635-93d3-e8b5da690ab1,,8742d56b-9583-4c52-8d2a-f0d7b15db287,,
f823aba548a7b91b8eeb2799c835a786,TARJETA,Gasolinera Atimasa,Transporte,Gasolina,Necesidad,False,---,False,,5.0,True,,,4006dafb-2cc0-421c-a12a-01cf0888bb42,,,,
f8abc2cfeeb303a49e01df9c4c9fbc5c,TARJETA,Gasolinera Atimasa,Transporte,Gasolina,Necesidad,False,---,False,,5.0,True,,,4006dafb-2cc0-421c-a12a-01cf0888bb42,,,,
8e1831f220c1688af5460d3a82b549b5,TARJETA,Gasolinera Atimasa,Transporte,Gasolina,Necesidad,False,---,False,,5.0,True,,,4006dafb-2cc0-421c-a12a-01cf0888bb42,,,,
9395bdab7fb819a0ce78917adfb2e725,BANCA,Transf. Deuna A Gregory Alessandro Arias Vaca,Alimentación,Almuerzo,Necesidad,False,Familia,True,Madre,0.0,True,,,,,,b45a13ff-4359-4640-8f50-b8017d38960b,
5da54da6deb0166267568dae736e1249,BANCA,Sanduche 1 Dolar,Alimentación,,Deseo,False,---,False,,0.0,True,,,,,,,
699eca3a9018064637bf4125720e2631,BANCA,Transf. Directa A Delgado  Almeida Joel Ricardo,Alimentación,Desayuno,Deseo,False,---,False,,7.0,True,Encebollados Fiesta Rubia,,,,,,
2043e281edf2fd61ec6a794317350236,BANCA,Cevichocho U Esquina,Alimentación,Almuerzo,Necesidad,False,---,False,,0.0,True,,,,,8742d56b-9583-4c52-8d2a-f0d7b15db287,,
375f07e99f94a70626778d2105cf50cd,TARJETA,Universidad Catolica,Otro,Universidad,Necesidad,False,Yo,True,Madre,6.0,True,Ingles,,,,,73e07a74-6558-4bc9-8e51-92749e30ad54,
2eb27c649f6ee27c256252e38a857bd3,BANCA,Pago Tarjeta De Credito Principal,Tarjeta,Tarjeta,Necesidad,True,---,False,,5.0,True,,,,,,,
3142d0ac4121c85fa2da2d987c836b4b,TARJETA,Mc,Alimentación,Almuerzo,Necesidad,False,---,False,,6.0,True,,,,,8742d56b-9583-4c52-8d2a-f0d7b15db287,,
e6d2b314ec6256206ec16dbcd1541bc5,BANCA,Manabas Grill Almuerzos,Alimentación,Almuerzo,Necesidad,False,---,False,,6.0,True,,,,,8742d56b-9583-4c52-8d2a-f0d7b15db287,,
e0809d29ab70508698d5a36cb988e14b,TARJETA,Uber,Transporte,,Necesidad,False,Mamá,True,Madre,5.0,True,,,d126262c-0f3d-4dbb-8f6a-d70522ca314b,,,239bedfa-538f-4c35-a963-814268387f34,
51ca612ecb8eedf8bf94b7d28798f5b0,TARJETA,Uber,Transporte,,Necesidad,False,Mamá,True,Madre,5.0,True,,,d126262c-0f3d-4dbb-8f6a-d70522ca314b,,,239bedfa-538f-4c35-a963-814268387f34,
4f000e7f940646ed21306698b81587a9,BANCA,Transf. Deuna A Libreria Studium Cia Ltda Libreria Studium Cia Ltda,Otro,Universidad,Necesidad,False,Yo,True,Madre,5.0,True,,,,,,b0316a3c-0a7c-4dcc-ae2c-d0b46e5bea1d,
da4aee13446b26d847b129c5463d12fe,BANCA,Mens Barberia,Mensual,Corte,Necesidad,True,Yo,True,Madre,7.0,True,,db8ac796-07d0-41aa-8a6b-c051164bc516,,-10.0,,09e39177-e925-4843-87bb-acefcf6cd994,
da4aee13446b26d847b129c5463d12fe,BANCA,,Aseo,Corte,Necesidad,False,---,False,Madre,7.0,True,,e4398570-6bb5-4658-8895-88244d039b03,,-6.0,,09e39177-e925-4843-87bb-acefcf6cd994,
7b37b069551fc78918005c04a6243b41,TARJETA,Supermaxi,Aseo,,Necesidad,False,Yo,True,Madre,6.0,True,,,,,,57aa951a-ef02-45e1-8064-4d6ccfdb8c10,
2dbe7d6bd4b1d16dcc0da68f0e290dc1,TARJETA,Mc,Alimentación,Almuerzo,Necesidad,False,---,False,,6.0,True,,,,,8742d56b-9583-4c52-8d2a-f0d7b15db287,,
1ccd65da0fb777af7b3d60a187277391,BANCA,Cancelacion Plazo Fijo,Inversion,Inversion,---,False,---,False,,5.0,True,,,,,,,
af1bc6699544699ef45f457225af27fd,BANCA,Interes (Transferencia Interior),Inversion,Inversion,---,False,---,False,,0.0,True,,,,,,,
7d407d460190ea0ce26167fbafea3a7d,BANCA,Retencion 2% Rendimiento Financiero,Inversion,Inversion,---,False,---,False,,0.0,True,,,,,,,
5bd14d17748da5d561dab462980f9e71,TARJETA,UBER EATS,Alimentación,,---,False,---,False,,0.0,True,,,4d4904a3-fe3a-4c7b-af57-8c84b687d52f,,,,
7b506f476782d342ce59174485b888b9,TARJETA,UBER EATS,Alimentación,,---,False,---,False,,0.0,True,,,4d4904a3-fe3a-4c7b-af57-8c84b687d52f,,,,
78bd4c9e4715b9b5a4f93f2950e14bea,TARJETA,Autoservipampa,Transporte,Gasolina,Necesidad,False,---,False,,5.0,True,,,ff33dc97-fc51-4096-82c5-87717671517c,,,,
cdf396c188e90f5ce38636e8e845fe4f,TARJETA,Autoservipampa,Transporte,Gasolina,Necesidad,False,---,False,,5.0,True,,,ff33dc97-fc51-4096-82c5-87717671517c,,,,
be228827d5eefaa7241a3d7c8753334a,TARJETA,Autoservipampa,Transporte,Gasolina,Necesidad,False,---,False,,5.0,True,,,ff33dc97-fc51-4096-82c5-87717671517c,,,,
744a829999f1a6ac28973af70ee7fe42,BANCA,Madre,Mensual,Parqueadero,---,False,---,False,,0.0,True,,8128d708-96db-4e6b-8b83-8122960f4d1e,,40.0,e5988525-9016-4714-a260-2a0d313d384d,,
744a829999f1a6ac28973af70ee7fe42,BANCA,Madre,Mensual,"Mensual_Gasolina, Gasolina",---,False,---,False,,0.0,True,,b5ae30fa-196e-4499-a504-0a538a2306bc,,5.0,9fd02acc-e6a0-4596-ae82-5cc9f83c6b94,,
1cb7966c59263f9f7866344a229e42da,TARJETA,KFC K026 PATRIAU        Q,Alimentación,Almuerzo,Deseo,False,---,False,,0.0,True,,,,,8742d56b-9583-4c52-8d2a-f0d7b15db287,,
eb6b04d85d8541daa148d1eeea7b6a9e,TARJETA,SIME POMASQUIECU        Q,Salud,Enfermo,Necesidad,False,Yo,True,Madre,0.0,True,,,,,,,
66f9dcf8c38f18f42cc8c3ca53680753,TARJETA,DIFARE S AECUECU        G,Salud,Enfermo,Necesidad,False,Yo,True,Madre,0.0,True,,,,,,,
788fa2a86628c789232a7ce89088e8e2,TARJETA,DIFARE S AECUECU        G,Salud,Enfermo,Necesidad,False,---,False,,0.0,True,,,,,,,
25b42ee2a75b67712ec953b8721b368e,TARJETA,SIME POMASQUIECU        Q,Salud,Enfermo,Necesidad,False,---,False,,0.0,True,,,,,,,
28f4a1e7abc36336ed6559a04abad1ae,TARJETA,KFC K026  PATRIA KS     Q,Alimentación,Almuerzo,Necesidad,False,---,False,,0.0,True,,,,,8742d56b-9583-4c52-8d2a-f0d7b15db287,,
b9a0560e6b7861c3064f31f4c09a53eb,BANCA,TRANSFERENCIA INTERNET,Mensual,Mensual,---,False,---,False,,0.0,True,,,,,,,
ef6c3b75d0e020e923dc95036c95a15d,TARJETA,Orlando Vineland Premi  O,Ropa,USA_2024,Deseo,False,---,False,,8.0,True,,,852280df-4349-4709-9aee-501da89709d7,,,,
9df3eb2c5e603d3d434a50a886d48974,TARJETA,Orlando Vineland Premi  O,Ropa,USA_2024,Deseo,False,---,False,,8.0,True,,,852280df-4349-4709-9aee-501da89709d7,,,,
30adfcba5567ef48f81724ad2630fdc7,TARJETA,Orlando Vineland Premi  O,Ropa,USA_2024,Deseo,False,---,False,,8.0,True,,,852280df-4349-4709-9aee-501da89709d7,,,,
5f5ed7d69f687d18d58039f65e3ce930,TARJETA,Orlando Vineland Premi  O,Ropa,USA_2024,Deseo,False,---,False,,8.0,True,,,852280df-4349-4709-9aee-501da89709d7,,,,
7df0096b1e696ef53e9e217d22f334a5,TARJETA,Orlando Vineland Premi  O,Ropa,USA_2024,Deseo,False,---,False,,8.0,True,,,852280df-4349-4709-9aee-501da89709d7,,,,
db0bf5691093f81aa45ce595e3299dfc,TARJETA,LA TABLITA DEL TARTARO  Q,Alimentación,,Deseo,False,---,False,,0.0,True,,,,,,,
cee569207d5ac22eeb4aff2e2dccc3bc,BANCA,PAGO SRI TRF 00000000000005827546,Otro,,Necesidad,False,Yo,True,Madre,0.0,True,,,,,,,
dfa42715215c0901347ff1b8c2ab5ada,TARJETA,SUPERMAXI INAQUITO LC   Q,Aseo,super,Necesidad,False,---,False,,0.0,True,,,,,,,
ad13d8a1a3c540287ee99d4a7426a11f,TARJETA,CASA RES R002 QUICENTR  Q,Regalo,Mela,Deseo,False,---,False,,7.0,True,,,,,,,
b6ffe01fb69146075ecbda9d2e1bfdda,TARJETA,PROAUTO C.A.,Transporte,Mantenimiento Carro,Necesidad,False,Yo,True,Madre,0.0,True,,,,,,,
2989635025fb7f5f204d517401b84d94,BANCA,TRANSFERENCIA INTERNET,Deudas,,---,False,---,False,,0.0,True,Me pagan de afnganistan que nos hizo el trabajo para POO,,3a3d5a80-6433-4052-84e7-3f16ece5ba12,,,,
881d535b3a85e97a282b1d8a36f04ab0,BANCA,TRANSFERENCIA INTERNET,Deudas,,---,False,---,False,,0.0,True,Me pagan de afnganistan que nos hizo el trabajo para POO,,3a3d5a80-6433-4052-84e7-3f16ece5ba12,,,,
6f643768f7913bc4e146c44b7b2f1f82,BANCA,TRANSFERENCIA INTERNET,Deudas,,---,False,---,False,,0.0,True,Me pagan de afnganistan que nos hizo el trabajo para POO,,3a3d5a80-6433-4052-84e7-3f16ece5ba12,,,,
d377fcde23dc9a1d87d96b3388736059,BANCA,TRANSFERENCIA INTERBANCARIA ENVIADA,Ocio,Deporte,Deseo,False,---,False,,7.0,True,Padel,,b3eee572-85a2-4679-aea9-475db1404d24,,,,
3dc6aa97e4860406605ab522cf398d8c,BANCA,TRANSFERENCIA INTERBANCARIA ENVIADA,Ocio,Deporte,Deseo,False,---,False,,7.0,True,Padel,,b3eee572-85a2-4679-aea9-475db1404d24,,,,
f0c6c3ca565a933866eec36a140fd6ba,BANCA,TRANSFERENCIA INTERNET,Ocio,Trago,Deseo,False,---,False,,7.0,True,,,,,,,
7909655be50250ab3a2d3479ce74b134,BANCA,TRANSFERENCIA INTERNET,Salud,Derma,Necesidad,False,Yo,True,Madre,0.0,True,,,35e3f9ab-025b-4924-b2f3-42b8948511a1,,,,
481c2fe888f716b0493be1877a32bb83,BANCA,TRANSFERENCIA INTERNET,Salud,Derma,Necesidad,False,Yo,True,Madre,0.0,True,,,35e3f9ab-025b-4924-b2f3-42b8948511a1,,,,
a4f9c6a9bdc58cbeeb0bd6740b4553bc,TARJETA,DIFARE S ACA USA        G,Salud,Derma,Necesidad,False,Yo,True,Madre,0.0,True,,,,,,,
dc9f9fb8f85d2cac3f5a3302ec01266f,BANCA,TRANSFERENCIA INTERBANCARIA ENVIADA,Ocio,,Deseo,False,---,False,,7.0,True,Salida ale,,a88e3e58-49e4-4b09-8e6f-d52ee461ff3d,,,,
97781ec600dcb210abff088c4e409a41,BANCA,TRANSFERENCIA INTERBANCARIA ENVIADA,Ocio,,Deseo,False,---,False,,7.0,True,Salida ale,,a88e3e58-49e4-4b09-8e6f-d52ee461ff3d,,,,
bd4c3e67877eb8bd8eba815213b7f7b1,TARJETA,ECUAVAPES ECUECU        Q,Ocio,,Deseo,False,---,False,,0.0,True,,,,,,,
c9751fa6880bce11cd853021a19a55c0,TARJETA,DERMASOFT CIA LTDA,Salud,Derma,Necesidad,False,---,False,,0.0,True,,,,,,,
93a804253531c8d70ddce1b2990f41c7,BANCA,TRANSFERENCIA INTERBANCARIA ENVIADA,Mujeres,Mela,Deseo,False,---,False,,8.0,True,,,c98a2613-484c-4ed1-88d4-745d96adff22,,,,
ca3e5862451db3e33c7cfb7a86ad8d84,TARJETA,TRANSFERENCIA INTERBANCARIA ENVIADA,Mujeres,Mela,Deseo,False,---,False,,8.0,True,,,c98a2613-484c-4ed1-88d4-745d96adff22,,,,
7fdc4bf5217341cbe0390e2c1c45bf4c,BANCA,TRANSFERENCIA INTERBANCARIA ENVIADA,Ocio,,Deseo,False,---,False,,7.0,True,Cine david,,e25b4d41-6cb7-481f-b980-1c5f7405bac3,,,,
e8fe9b09b340a9febdfb79e553468372,BANCA,TRANSFERENCIA INTERBANCARIA ENVIADA,Ocio,,Deseo,False,---,False,,7.0,True,Cine david,,e25b4d41-6cb7-481f-b980-1c5f7405bac3,,,,
9f431cf15d45bfe762905255f285cc62,BANCA,TRANSFERENCIA INTERNET,Mujeres,Mela,Deseo,False,---,False,,8.0,True,,,,,,,
3c1fd07f70e3c54a1c0a9ba5cc55701d,TARJETA,MCDONALDS EC KSA        G,Alimentación,Almuerzo,Deseo,False,---,False,,0.0,True,,,,,8742d56b-9583-4c52-8d2a-f0d7b15db287,,
e6f7add926562d1a35a30644c5b8bb45,TARJETA,FYBECA    ECUECU        Q,Salud,,Necesidad,False,Yo,True,Madre,0.0,True,,,,,,,
eda470ed3649a27593b1c3d922697184,BANCA,TRANSFERENCIA DIRECTA A DERMAAID S.A.S,Salud,Derma,Necesidad,False,Yo,True,Madre,0.0,True,,,96cde7bc-2ed1-4dde-8962-0dc96a4a714d,,,,
11fb5e91d07b437b82b4636d64dfd032,BANCA,TRANSFERENCIA DIRECTA A DERMAAID S.A.S,Salud,Derma,Necesidad,False,Yo,True,Madre,0.0,True,,,96cde7bc-2ed1-4dde-8962-0dc96a4a714d,,,,
67f2a124da844e9d929c204186023caa,BANCA,TRANSFERENCIA DIRECTA DE ARCINIEGA BASANTES PAULINA MARIA,Deudas,,---,False,---,False,,0.0,True,,,,,,,
792245f9d581818a67dccf931cb345b5,TARJETA,MAKI CORUNACUECU        Q,Regalo,Normi,Deseo,False,---,False,,6.0,True,Cumple,,621cedee-dc6e-4302-82cc-45a02786c95e,,,,
6e2707fd19ae54081856d4a6e0f2b28d,TARJETA,MAKI CORUNACUECU        Q,Regalo,Normi,Deseo,False,---,False,,6.0,True,Cumple,,621cedee-dc6e-4302-82cc-45a02786c95e,,,,
8e50797e0fc612b341ae6458dcd5ec95,TARJETA,SAFAERA,Ocio,"Trago, Fiesta",Deseo,False,---,False,,7.0,True,,,,,,,
22f755cebb99e4f1be3d2407179f4ec9,BANCA,TRANSFERENCIA DIRECTA A JIMENEZ TITUANA LUIGI DANIEL,Ocio,"Trago, Fiesta",Deseo,False,---,False,,7.0,True,,,ee7bb7e7-4698-4e34-952c-d33ebebb6737,,,,
6383bcb5f9438dc5c2e27665e6a53531,BANCA,TRANSFERENCIA DIRECTA A JIMENEZ TITUANA LUIGI DANIEL,Ocio,"Trago, Fiesta",Deseo,False,---,False,,7.0,True,,,ee7bb7e7-4698-4e34-952c-d33ebebb6737,,,,
41c887bc4e76fb6aef0d78a7ed0111df,BANCA,TRANSFERENCIA DIRECTA A JIMENEZ TITUANA LUIGI DANIEL,Ocio,"Trago, Fiesta",Deseo,False,---,False,,7.0,True,,,ee7bb7e7-4698-4e34-952c-d33ebebb6737,,,,
69b703eac081820888ca547ee863ce42,TARJETA,TRANSFERENCIA DIRECTA A JIMENEZ TITUANA LUIGI DANIEL,Ocio,"Trago, Fiesta",Deseo,False,---,False,,7.0,True,,,ee7bb7e7-4698-4e34-952c-d33ebebb6737,,,,
32531a7448ba6d5904b6d3b1c0e0cf6e,BANCA,TRANSFERENCIA DIRECTA DE ARCINIEGA BASANTES PAULINA MARIA,Mensual,,---,False,---,False,,0.0,True,,,,,,,
293560ebc0dda9d2ee392a4529e361c3,TARJETA,DERMAAID  ECUECU        Q,Salud,Derma,Necesidad,False,---,False,,5.0,True,,,,,,,
6a37a12395270194afb1abed53b9b5c8,TARJETA,MEDICITY LA PAMPA       Q,Salud,,Necesidad,False,Yo,True,Madre,0.0,True,,,58dcdf00-c028-452e-bb53-ac3ed2492e62,,,,
ba9056bec39ca4635e8bdebfe4996ff9,TARJETA,MEDICITY LA PAMPA       Q,Salud,,Necesidad,False,Yo,True,Madre,0.0,True,,,58dcdf00-c028-452e-bb53-ac3ed2492e62,,,,
dd0c241afed34fd26b6c2046e3a6c84a,BANCA,PAGO TARJETA INTERBANCARIA ENVIADA,Tarjeta,,---,False,---,False,,0.0,True,,,,,,,
da1591fc4e51c683b544b1c043e39b70,TARJETA,UB *EATS ECUADOR        8,Alimentación,Almuerzo,Necesidad,False,Yo,False,,7.0,True,Tablita,,,,8742d56b-9583-4c52-8d2a-f0d7b15db287,,
0a375939614d5d7c91f1eda79c2f4c9c,BANCA,Manabas Grill Almuerzos,Alimentación,Almuerzo,Necesidad,False,---,False,,0.0,True,,,,,8742d56b-9583-4c52-8d2a-f0d7b15db287,,
b8614699f6dd32cf38d4c12b74d89ad1,BANCA,Manabas Grill Almuerzos,Alimentación,Almuerzo,Necesidad,False,---,False,,0.0,True,,,,,8742d56b-9583-4c52-8d2a-f0d7b15db287,,
b6f9d5d0f4d0280d648be4f735cb898a,BANCA,TRANSF. DEUNA A SISTEMAS MEDICOS SIME SIMETECUIDA S A SIMETECUIDA,Salud,operacion_nariz,Necesidad,False,Yo,True,Madre,0.0,True,Examen Sangre,,,,,6537dd5b-5fd2-4204-ad2d-48b0000cbe01,
0608434917b5cc5e7fcb06ebfc5d69ec,BANCA,TRANSF. DEUNA A KAREN ANTONELLA TORRES ONTANEDA,Alimentación,Merienda,Deseo,False,---,False,,0.0,True,Alitas David,,,,,,
2b70c1e22c1f217cfb7824d4cef25313,BANCA,Menestras Simon,Alimentación,Almuerzo,Necesidad,False,---,False,,6.0,True,,,,,8742d56b-9583-4c52-8d2a-f0d7b15db287,,
5a1efd24b2faf23b0bb3ea7738c96869,BANCA,TRANSF. DEUNA A YONG WANG,Alimentación,,Necesidad,False,Familia,True,Madre,0.0,True,Chifa,,,,,,
dd60c1f238ae57468c9861b11d9a374e,BANCA,Manabas Grill Almuerzos,Alimentación,Almuerzo,Necesidad,False,---,False,,0.0,True,,,,,8742d56b-9583-4c52-8d2a-f0d7b15db287,,
b3867b944c3256b3bc53cfd842cc87ba,BANCA,Madre,Deudas,,---,False,---,False,,0.0,True,,,,,,,
3c88343454bee862fccd189293118b9c,BANCA,Menestras Simon,Alimentación,Almuerzo,Necesidad,False,---,False,,6.0,True,,,,,8742d56b-9583-4c52-8d2a-f0d7b15db287,,
1f33f5aef6423e390ea1134de3039ce8,TARJETA,Uber,Transporte,,Necesidad,False,Mamá,True,Madre,0.0,True,Uber Renault,,,,,885f0c9b-be97-4e98-b8f1-1f9477e6129e,
85075db9100bfe3043fa47b22897643f,TARJETA,,Alimentación,Almuerzo,Necesidad,False,---,False,,6.0,True,,aee2c7bf-43ac-4923-b8c2-fcf946194093,,-6.0,8742d56b-9583-4c52-8d2a-f0d7b15db287,,
85075db9100bfe3043fa47b22897643f,TARJETA,,Alimentación,Renata,Deseo,False,---,False,,6.0,True,,c5c71347-9db9-4683-b092-807d220a30c2,,-5.970000000000001,,,
b1a0b664e07fcf7290c585a446490cee,TARJETA,Uber Eats,Alimentación,Almuerzo,Necesidad,False,---,False,,6.0,True,,,,,8742d56b-9583-4c52-8d2a-f0d7b15db287,,
acdf9f9c01a3e92a46719017e3e8646b,BANCA,TRANSF. DEUNA A XIMENA PATRICIA HARO ORTEGA,Ocio,Trago,Deseo,False,Amigo,True,,6.0,True,Mateo Zhumir,,,,,,
f5b4e14001f3ce8ec41d8a9b162c0a94,TARJETA,ALITAS CADILAC 2 HEMIS E CONSUMO ECU,Alimentación,Almuerzo,Deseo,False,Amigo,True,,7.0,True,,,,,,,
88defd226281ebcb23f51636ef4d7477,BANCA,Hermana,Mensual,Transporte Noah,---,True,---,False,,0.0,True,,,,,,,
6771ad8434124ba0e3911802774d8303,BANCA,TRANSF. DEUNA A PIZZAZU SCC PIZZA ZU,Alimentación,Merienda,Deseo,False,---,False,,7.0,True,Por el 14,,e3691998-ef03-49ae-92c3-04aeb92774ea,,,,
d5b9da46c3b9ee91fc8b012bfbe06793,BANCA,TRANSF. DEUNA A PIZZAZU SCC PIZZA ZU,Alimentación,Merienda,Deseo,False,---,False,,7.0,True,Por el 14,,e3691998-ef03-49ae-92c3-04aeb92774ea,,,,
b62f1c62efce2b61d6943c6525a2da58,BANCA,Menestras Simon,Alimentación,Almuerzo,Necesidad,False,---,False,,6.0,True,,,,,8742d56b-9583-4c52-8d2a-f0d7b15db287,,
06b5c978b811dd49cec0c50fbaac96c3,BANCA,TRANSF. DEUNA A JOHAN JAVIER DIAZ GUAMAN,---,Merienda,Deseo,False,Amigo,True,,7.0,True,Alitas Smile,,,,,,
b947b2b5f62ffae39c5c1825e9dabdf1,BANCA,TRANSF. DEUNA A JULIA AMALIA CHIMBO DE LA CRUZ,Alimentación,Almuerzo,Necesidad,False,---,False,,5.0,True,,,,,8742d56b-9583-4c52-8d2a-f0d7b15db287,,
dabf13e25197d31242beca8cbd78124c,BANCA,TRANSF. DEUNA A ANGELA JASMIN CABRERA NIETO,Regalo,Renata,Deseo,False,---,False,,6.0,True,,,,,,,
0853e6dbf18ffeab892e0c00d09968dc,TARJETA,Gasolinera Atimasa,Transporte,Gasolina,Necesidad,True,---,False,,0.0,True,,,,,,,
0f1860ef1714a983bdeb9be0de384132,TARJETA,Uber Eats,Alimentación,Almuerzo,Necesidad,False,---,False,,6.0,True,,,,,8742d56b-9583-4c52-8d2a-f0d7b15db287,,
d3556683e4721e5f149dec9b9e043718,TARJETA,SIME PORTAL Q CONSUMO ECU,Salud,operacion_nariz,Necesidad,False,Yo,True,Madre,0.0,True,,,,,,a48f0e23-6def-412e-b758-a8632b16e170,
30c21f73563b2c99ff200f8c38351380,TARJETA,MCDONALD S KS G CONSUMO ECU,Alimentación,,---,False,Familia,True,Madre,0.0,True,Noah Comida,,,,,bc7bb658-bba9-4b22-884f-e6d90a21d929,
091f8defe1cf68faf351a79a9dd4278d,BANCA,Cancelacion Plazo Fijo,Inversion,Inversion,---,False,---,False,,0.0,True,,,,,,,
6840ae470eae95089a8f4b5e81706bff,BANCA,Interes (Transferencia Interior),Inversion,Inversion,---,False,---,False,,0.0,True,,,,,,,
7fa49f0eb2f5cb6c0a8a395da676991d,BANCA,Retencion 2% Rendimiento Financiero,Inversion,Inversion,---,False,---,False,,0.0,True,,,,,,,
4060a953ef156161d481df31ad19400c,BANCA,Pago Tarjeta Principal,Tarjeta,Tarjeta,---,False,---,False,,0.0,True,,,,,,,
b6a0b1f9538f3d8f468be982b4086f60,BANCA,TRANSF. DEUNA A HERNAN DARIO RAMOS VILLARREAL,Aseo,Corte,Necesidad,False,Yo,True,Madre,6.0,True,,,,,,21b1fa3a-1c11-453f-9354-abba165baede,
4b06717a2b50cc18eec22c3254ea7aaa,BANCA,TRANSF. DIRECTA A MONSERRATE  NARANJO CARLOS ARMANDO,Alimentación,Almuerzo,Necesidad,False,---,False,,6.0,True,,,,,8742d56b-9583-4c52-8d2a-f0d7b15db287,,
b66751450b981aeef4e4ceb97719081f,BANCA,Manabas Grill Almuerzos,Alimentación,Almuerzo,Necesidad,False,---,False,,0.0,True,,,,,8742d56b-9583-4c52-8d2a-f0d7b15db287,,
7d4cc05ba6e3daf4752b0d9f2f2ef950,BANCA,Pago Por Servicio De Combos Tuenti,Regalo,Renata,Deseo,False,---,False,,0.0,True,,,,,,,
abfd332ed999f3f6f268a3ca13ffc6f6,TARJETA,ZURITA Y ZURITA LABORA Q CONSUMO ECU,Salud,operacion_nariz,Necesidad,False,Yo,True,Madre,0.0,True,,,,,,f2981d67-e8c3-437f-b12e-fd611d8db11d,
ba39e069f419f771fe991378db63623e,TARJETA,AIRBNB * HMZ42TBNSJ L CONSUMO GBR,Mujeres,Renata,Deseo,False,---,False,,8.0,True,,,,,,,
f3a2cdb25ddcf4a3c58371eb03686166,TARJETA,Supermaxi,Mujeres,Renata,Deseo,False,---,False,,6.0,True,,,,,,,
18d2fef4e449263b5d5fc7284784dd75,BANCA,Menestras Simon,Alimentación,Almuerzo,Necesidad,False,---,False,,6.0,True,,,,,8742d56b-9583-4c52-8d2a-f0d7b15db287,,
cc3f63025737ea87adc7a61e8e52242e,BANCA,Pago Tarjeta De Credito Principal,Tarjeta,Tarjeta,Necesidad,True,---,False,,0.0,True,,,,,,,
701da005eb85706c6ca928e57d788a7b,TARJETA,Uber,Subscripciones,,Deseo,False,Yo,True,Madre,0.0,True,,,,,,42262bf9-12d5-489f-bada-45f7224db01e,
100626d6670611f3758521637175030e,BANCA,PAGO TARJETA DE CREDITO MASTERCARD BANCO PICHINCHA  54660500045502,Tarjeta,,---,False,---,False,,0.0,True,,,,,,,
4923302442d807f5e22d66451a52324c,BANCA,Menestras Simon,Alimentación,Almuerzo,Necesidad,False,---,False,,6.0,True,,,,,8742d56b-9583-4c52-8d2a-f0d7b15db287,,
4d501970be3ef4147ee035ef66b2ad79,BANCA,2602021XGVNA-MASTE BP-REC-22306700007562,Tarjeta,,---,False,---,False,,0.0,True,,,,,,,
4682f1298c80a89cfffec2c45f96ecbc,BANCA,TRANSF. DIRECTA DE VERKADE MONTIEL DOMINIQUE LOURDES,Deudas,,---,False,---,False,,0.0,True,,,,,,,
8468ea5bc5a068d00647b5d2af2d3241,BANCA,Taurus,Alimentación,Desayuno,Necesidad,False,Yo,True,Madre,0.0,True,,,,,,fb64ae98-4f9f-4681-a9d3-e1a7acc0f2fc,
af4928787040450e04fb9c789d1df11c,BANCA,Morochos,Alimentación,,Deseo,False,---,False,,6.0,True,,,,,,,
27f40dbb3fd1da3a6b722e4d1344bc46,BANCA,Almuerzo Simon,Alimentación,Almuerzo,Necesidad,False,---,False,,6.0,True,,,,,8742d56b-9583-4c52-8d2a-f0d7b15db287,,
04e7f65c92dca06f2517ad5524dbb943,BANCA,Almuerzo Simon,Alimentación,Almuerzo,Necesidad,False,---,False,,7.0,True,,,,,8742d56b-9583-4c52-8d2a-f0d7b15db287,,
ac470fbf235ee38175b78eda1123e995,BANCA,Madre,Deudas,,---,False,---,False,,0.0,True,,,,,,,
f29dd6441415379e603979ad2522d302,BANCA,Almuerzo Simon,Alimentación,Almuerzo,Necesidad,False,---,False,,7.0,True,,,,,8742d56b-9583-4c52-8d2a-f0d7b15db287,,
47b6153df3c721aea05080dcf576b09c,BANCA,TRANSF. DEUNA A GERSONLUNCH,Alimentación,Merienda,Deseo,False,---,False,,6.0,True,Plaza de foodtracks. Salida con ale y rubia,,,,,,
91555673fc78550ce46753bd43cbf61b,TARJETA,ESTACIONAMIENTOS URBAN Q CONSUMO ECU,Transporte,,Deseo,False,---,False,,5.0,True,,,,,,,
d2cd29160d303fcbc4157e68085700ff,TARJETA,,Alimentación,Merienda,Deseo,False,---,False,,6.0,True,,019bb8b0-fde6-4d5a-8034-9ec1f3d1fd6a,,-9.63,,,
d2cd29160d303fcbc4157e68085700ff,TARJETA,,Deudas,,---,False,Amigo,True,,0.0,True,,4ea2188c-2c97-47b6-974a-1b44b3290b0c,,-24.12,,,
5355e64e23d7ab0e3f8c8cff9af1ca48,TARJETA,ESTACION DE SERVICIO P Q CONSUMO ECU,Transporte,Gasolina,Necesidad,False,---,False,,0.0,True,,,,,,,
45e4b17bfbf3989180f0d8306f9a6535,TARJETA,EPMMOP EST CAROLINA 6 Q CONSUMO ECU,Transporte,,Deseo,False,---,False,,5.0,True,,,,,,,
08c64e37949c58e3cc53bd6c5e36c3d9,BANCA,TRANSF. DIRECTA A VALLEJO TRUJILLO JANETH ESTHER,Alimentación,,Necesidad,False,---,False,,0.0,True,,,,,,,
068d46431039be9d4de093501694d71e,BANCA,TRANSF. DIRECTA A YANCHATUÑA RIVERA DEYSI MARIBEL,Alimentación,Almuerzo,Necesidad,False,---,False,,0.0,True,,,,,8742d56b-9583-4c52-8d2a-f0d7b15db287,,
d59af6705933a977091e6d65c753ddcb,BANCA,TRANSF. DIRECTA A CAISA RUANO JOUSTIN HERNAN,Transporte,Parqueadero,---,False,Yo,True,Madre,0.0,True,,,,,,d302b71c-ff7f-40ba-a3c4-8f4d222a613e,
e8256f70e5f03088c174f25175f639b4,BANCA,TRANSF. DIRECTA A ROSERO CORELLA ADRIAN LEONARDO,Transporte,Parqueadero,---,False,Yo,True,Madre,0.0,True,,,07429d99-9be5-4823-b049-3660677f672f,,,,
ad7ad1ecd6c571fdea61ec546cf19797,BANCA,TRANSF. DIRECTA A ROSERO CORELLA ADRIAN LEONARDO,Transporte,Parqueadero,---,False,Yo,True,Madre,0.0,True,,,07429d99-9be5-4823-b049-3660677f672f,,,,
e2a4f89f6dfd8b3bc90bececbcd746da,BANCA,Transf. Deuna A Maria Elena Recalde Estacio,Alimentación,Almuerzo,Necesidad,False,---,False,,0.0,True,,,,,8742d56b-9583-4c52-8d2a-f0d7b15db287,,
ac19c8c80ee4ec55846974ebf89e9bd1,BANCA,TRANSF. DIRECTA DE ARCENTALES ENRIQUEZ FABIAN XAVIER,Deudas,,---,False,---,False,,0.0,True,Pa me paga,,,,,,
3628aa5b17ecc371c09ed0e267e5295b,BANCA,Almuerzo Simon,Alimentación,Almuerzo,Necesidad,False,---,False,,6.0,True,,,,,8742d56b-9583-4c52-8d2a-f0d7b15db287,,
c4a7017eb037b204f5dc667ea1aad51b,BANCA,Inversion,Inversion,Inversion,---,False,---,False,,0.0,True,,,d1aa38e7-ab5e-49c3-8779-9a34eb024c0d,,,,
823a2e67fa005c9e1e29b1cc53d48fad,BANCA,Inversion,Inversion,Inversion,---,False,---,False,,0.0,True,,,d1aa38e7-ab5e-49c3-8779-9a34eb024c0d,,,,
b04d4329230df1fdf310d64cb5af8c63,BANCA,Inversion,Inversion,Inversion,---,False,---,False,,0.0,True,,,d1aa38e7-ab5e-49c3-8779-9a34eb024c0d,,,,
fd3d8c9605472bd93bd89f220c86dfc9,BANCA,TRANSF. DIRECTA DE VERKADE MONTIEL DOMINIQUE LOURDES,Deudas,,---,False,---,False,,0.0,True,,,,,,,
1705846d5966f8ec5b49618d564960c9,BANCA,Madre,Deudas,,---,False,---,False,,0.0,True,,,,,,,
0838b3979a02623352e707c16e15aa2b,BANCA,Cadillac,Alimentación,Merienda,Deseo,False,---,False,,7.0,True,,97ad35ac-2cb4-45ee-8135-035f854cacfe,,-7.25,,,
0838b3979a02623352e707c16e15aa2b,BANCA,TRANSF. DIRECTA A CAMPAÑA ERAZO RICARDO DANIEL,Deudas,,---,False,Amigo,True,,0.0,True,,7ab9210f-872c-4671-b34a-ac6513d46805,,-14.5,,,
c4eca4c07da75f49ae949052a0398a16,BANCA,TRANSF. DIRECTA A PANILUISA CHICAIZA EDISON ORLANDO,Alimentación,,Necesidad,False,Familia,True,Madre,0.0,True,Pan,,,,,cc87a0b3-f5d5-4d46-9200-ae469ae7351f,
c3da49c37962256967d54b8220dc118c,BANCA,Madre,Mensual,,---,False,---,False,,0.0,True,,,,,8742d56b-9583-4c52-8d2a-f0d7b15db287,,
feb535490e4b61efc58c4d1f558a46fd,BANCA,Madre,Mensual,Mensual_Gasolina,---,False,---,False,,0.0,True,,,,,9fd02acc-e6a0-4596-ae82-5cc9f83c6b94,,
e94857d2c266f6a66ec770654af37b3b,BANCA,Pago Tarjeta De Credito Principal,Tarjeta,Tarjeta,Necesidad,False,---,False,,0.0,True,,,,,,,
efba844d83d082b2d2d9c30d8c567546,BANCA,Madre,Deudas,,---,False,---,False,,0.0,True,,,,,,,
772ca9900e32bf01385fea8d0d8bc869,BANCA,Almuerzo Simon,Alimentación,,Necesidad,False,---,False,,7.0,True,,,,,8742d56b-9583-4c52-8d2a-f0d7b15db287,,
3ffc60030813d55c05909d647a540fc4,TARJETA,Fybeca                  Q,Salud,,Necesidad,False,Yo,True,Madre,0.0,True,,,,,,d9f18875-96fa-4590-9ec4-7e79783d69a0,
191ae60004485593741dbd67edb6e9a0,TARJETA,Subcripcion Uber,Alimentación,Almuerzo,Necesidad,False,Familia,True,Madre,6.0,True,,,4409875f-ab87-423e-a871-7bf58be3f7a8,,,7776f030-ef8b-4942-aaf5-5b3acb93bfb7,
45952b08ab56871f18a441e83b76cdd8,TARJETA,Subcripcion Uber,Alimentación,Almuerzo,Necesidad,False,Familia,True,Madre,6.0,True,,,4409875f-ab87-423e-a871-7bf58be3f7a8,,,7776f030-ef8b-4942-aaf5-5b3acb93bfb7,
0189af7e9899f5977e3c2560de397c98,BANCA,Taurus,Alimentación,Desauno,Necesidad,False,Yo,True,Madre,0.0,True,,,,,,c232e5a1-0619-4da8-bf9b-02993d5ad7c5,
6e851c7885ecc382b96ff10864f2c7a4,BANCA,TRANSF. DIRECTA A GARCIA QUEZADA RITA MARGOTH,Deudas,,---,False,---,False,,0.0,True,,,,,,,
fe17dfe8ccf04c7d0b39a3a33212bfa8,BANCA,TRANSF. DEUNA A MERIDA TORRES ARREDONDO,Alimentación,Almuerzo,Necesidad,False,---,False,,0.0,True,,,,,8742d56b-9583-4c52-8d2a-f0d7b15db287,,
6a0c0bc4e1f33eb4d3df12b67cb1ca46,TARJETA,DFF*PHOTO EQUIPOS E CONSUMO ECU,Deudas,,---,False,---,False,,0.0,True,,,,,,,
dff4c77d2b33328cd94c808953d9f83a,TARJETA,CLINICA SANTA LUCIA Q CONSUMO ECU,Salud,ojos,---,False,Yo,True,Madre,0.0,True,Examenes,,48e62dad-b55b-4bc7-8811-44b61b525333,,,38beb048-f4a9-45a4-b3d9-b3d799a9c523,
ec44850a92444f14aaa4c165efb6b2ee,TARJETA,CLINICA SANTA LUCIA Q CONSUMO ECU,Salud,ojos,---,False,Yo,True,Madre,0.0,True,Examenes,,48e62dad-b55b-4bc7-8811-44b61b525333,,,38beb048-f4a9-45a4-b3d9-b3d799a9c523,
1e145f681ec902ccd5d780734e669b1f,TARJETA,CLINICA SANTA LUCIA Q CONSUMO ECU,Salud,ojos,---,False,Yo,True,Madre,0.0,True,Examenes,,48e62dad-b55b-4bc7-8811-44b61b525333,,,38beb048-f4a9-45a4-b3d9-b3d799a9c523,
6d537af351644998e69e4d810eb8e560,BANCA,TRANSF. DIRECTA A PEREZ GARCIA LILIANA PATRICIA,Alimentación,Almuerzo,Necesidad,False,---,False,,0.0,True,,,,,8742d56b-9583-4c52-8d2a-f0d7b15db287,,
b5a5044bcecb849f4f0e19ba95eb9bbf,BANCA,TRANSF. DIRECTA A GUEVARA OLMEDO MATEO NICOLAS,Alimentación,Almuerzo,Deseo,False,---,False,,8.0,True,hamburguesas,,,,8742d56b-9583-4c52-8d2a-f0d7b15db287,,
491034fe516e02b04111a31c00761b54,BANCA,TRANSF. INTERBANCARIA A BARRETO MUXOZ MARTHA VALERIA,Salud,operacion_nariz,---,False,Yo,True,Madre,0.0,True,Cita,,0bbb63c9-eaa6-47a5-93f6-4849f6d47322,,,64bd328a-4a5a-4f85-8ccc-152d4eb1aee8,
11c649f414ecfa451faa334639ef2702,TARJETA,TRANSF. INTERBANCARIA A BARRETO MUXOZ MARTHA VALERIA,Salud,operacion_nariz,---,False,Yo,True,Madre,0.0,True,Cita,,0bbb63c9-eaa6-47a5-93f6-4849f6d47322,,,64bd328a-4a5a-4f85-8ccc-152d4eb1aee8,
82e448afc1fe129986bed3e5af560d6b,BANCA,Taurus,Alimentación,Desauno,Necesidad,False,Yo,True,Madre,0.0,True,,,,,,965034e8-3d97-419f-a5b1-1e073e5156cc,
a6c342e5ecfedb903b724e4a9786f1a7,TARJETA,Uber,Transporte,,Deseo,False,Yo,True,Madre,0.0,True,Uber para examen ojo,,1c8c7f80-817f-4ad6-914e-a8c1d71267e2,,,435f2ef0-3f63-4cf4-9ccc-8ef2987f7477,
4799ea2fdec409cbd18bdd0b688cda4a,TARJETA,Uber,Transporte,,Deseo,False,Yo,True,Madre,0.0,True,Uber para examen ojo,,1c8c7f80-817f-4ad6-914e-a8c1d71267e2,,,435f2ef0-3f63-4cf4-9ccc-8ef2987f7477,
5bce291e3ccc7387a657db1e11dd8d49,BANCA,TRANSF. DIRECTA A HONORES JAEN IVES OLIVIA,Alimentación,Desayuno,Deseo,False,---,False,,7.0,True,,,,,,,
fbd07710842ac33e057ae4ddd4c3c959,BANCA,TRANSF. DIRECTA A PEREZ GARCIA LILIANA PATRICIA,Alimentación,Almuerzo,Necesidad,False,---,False,,0.0,True,,,,,8742d56b-9583-4c52-8d2a-f0d7b15db287,,
09ed681d1974ad86226ac7a64e4c9ba9,BANCA,TRANSF. DIRECTA A FOUNES PINTO GIOVANNY FRANCISCO,Ocio,Fiesta,Deseo,False,---,False,,6.0,True,,,,,,,
71ded21820975bcba3379d7375c1dfd8,BANCA,TRANSF. DEUNA A BELLARIX LORENA RODRIGUEZ TORRES,Ropa,,Deseo,False,---,False,,7.0,True,Gorra Milo,,,,,,
85d49245e75b32c2e2fcff86902eefd6,TARJETA,MCDONALD S G CONSUMO ECU,Alimentación,Merienda,Deseo,False,---,False,,6.0,True,Despues de concierto,,8f144c57-da27-4957-bd10-a07c2d4f2b69,,,,
67c09e91cf1f4670696c5755f1464705,BANCA,MCDONALD S G CONSUMO ECU,Alimentación,Merienda,Deseo,False,---,False,,6.0,True,Despues de concierto,,8f144c57-da27-4957-bd10-a07c2d4f2b69,,,,
7ebde9ca5a8c528e490a7659375c2822,BANCA,TRANSF. DEUNA A METROPARQUEOS S A METROPARQUEOS,Transporte,,---,False,Yo,True,Madre,0.0,True,,,,,,b377769d-0556-4e9c-81e4-e37da9dc34b3,
2d44448b85228ff2286641fd050dc5b3,BANCA,TRANSF. DEUNA A JOORK DEIVI OLAYA CUERO,Alimentación,Almuerzo,Necesidad,False,---,False,,0.0,True,,,,,8742d56b-9583-4c52-8d2a-f0d7b15db287,,
15ca80fbdf9d0ac17e75601d7b73722a,BANCA,TRANSF. DIRECTA A RUEDA ESPINOSA MARCO ANTONIO,Alimentación,Merienda,Deseo,False,---,False,,6.0,True,,,,,,,
83fb3d3d1151f5fa1fc3a95881bc9907,BANCA,TRANSF. DEUNA A NORMA DEL ROCIO ALARCON REINA,Alimentación,Merienda,---,False,Familia,True,Madre,0.0,True,papas,,,,,4ffc93d7-ca5e-46ee-a688-85372a87705d,
98a391abdf3bfa900b218363e0d22406,TARJETA,Uber,Subscripciones,,Deseo,False,Yo,True,Madre,0.0,True,,,be41b660-7b97-45bc-915b-619b96e0a330,,,e12c864e-3238-495a-8fd9-992bbed7ec3b,
7f744b8c7b52564379aa0d78e2622983,TARJETA,Uber,Subscripciones,,Deseo,False,Yo,True,Madre,0.0,True,,,be41b660-7b97-45bc-915b-619b96e0a330,,,e12c864e-3238-495a-8fd9-992bbed7ec3b,
60eb735dfa46e88ba31c2006a99d7ea2,TARJETA,GOOGLE *stats fm for S M CONSUMO USA,Subscripciones,,Deseo,False,---,False,,7.0,True, app,,,,,,
7fab77312740ad5b0263b42a41f80ce5,BANCA,Manabas Grill Almuerzos,Alimentación,Almuerzo,Necesidad,False,---,False,,0.0,True,,,,,8742d56b-9583-4c52-8d2a-f0d7b15db287,,
bb0cebc49dc0c1cc5a6ab84cd69c6e10,BANCA,TRANSF. DIRECTA A LARA ACOSTA JOHN ADOLFO,Ocio,Trago,Deseo,False,---,False,,8.0,True,,,62939e8e-93bc-4ed8-b060-2dae31234346,,,,
1f8f4bb7070fd8fca96c136c8b429efa,BANCA,TRANSF. DIRECTA A LARA ACOSTA JOHN ADOLFO,Ocio,Trago,Deseo,False,---,False,,8.0,True,,,62939e8e-93bc-4ed8-b060-2dae31234346,,,,
cc6a0347a8f1e634ae3cca7ca90fce86,BANCA,TRANSF. DIRECTA A LARA ACOSTA JOHN ADOLFO,Ocio,Trago,Deseo,False,---,False,,8.0,True,,,62939e8e-93bc-4ed8-b060-2dae31234346,,,,
30e575a05463baa89639100b772624fe,BANCA,Transf. Deuna A Agromiro Ec S A Agromiro Ec,Alimentación,Almuerzo,Necesidad,False,---,False,,0.0,True,,,,,8742d56b-9583-4c52-8d2a-f0d7b15db287,,
1ff8734a69d645bd4e6cee6c9af4fa2d,BANCA,Morochos,Alimentación,Merienda,---,False,Yo,True,Madre,0.0,True,,,,,,1cacea22-b3bd-40d8-811b-5e2a701b1c16,
61e82a56cf25dad6eb518c2d460862ea,TARJETA,ESTACION DE SERVICIOS E CONSUMO ECU,Transporte,Gasolina,Necesidad,False,---,False,,0.0,True,,,39d85619-f153-4aee-8353-d7feb61ef8d6,,,,
e740bfb31451d68df6b7ae55d5e3fb9c,TARJETA,ESTACION DE SERVICIOS E CONSUMO ECU,Transporte,Gasolina,Necesidad,False,---,False,,0.0,True,,,39d85619-f153-4aee-8353-d7feb61ef8d6,,,,
77f2d9463e92f8d01b3d55723b0996f9,TARJETA,ESTACION DE SERVICIOS E CONSUMO ECU,Transporte,Gasolina,Necesidad,False,---,False,,0.0,True,,,39d85619-f153-4aee-8353-d7feb61ef8d6,,,,
4b779dcbed9e944d7587b193e57dc479,BANCA,Menestras Simon,Alimentación,Almuerzo,Necesidad,False,---,False,,7.0,True,,,,,8742d56b-9583-4c52-8d2a-f0d7b15db287,,
52e5cbecad78a7297b89c4ad70765dd3,BANCA,Almuerzo Simon,Alimentación,Almuerzo,Necesidad,False,---,False,,6.0,True,,,,,8742d56b-9583-4c52-8d2a-f0d7b15db287,,
6e5cfe370b7304532fca7b94ac03ef9c,BANCA,Hermana,Mensual,Transporte Noah,---,True,---,False,,0.0,True,,,,,,,
d3f2a32f095cb189ea92e12993c2624d,BANCA,Menestras Simon,Alimentación,Almuerzo,Necesidad,False,Familia,True,Madre,5.0,True,,,,,,ff5dbecf-8cbf-42fd-bfc4-e0c16748e96f,
bd48455536c6e5d6a1fd8ad7495cbf02,BANCA,TRANSF. DEUNA A DIEGO ALBERTO HURTADO GARCIA,Transporte,Mantenimiento Carro,Necesidad,False,Yo,True,Madre,0.0,True,mantenimiento frenos,,,,,b949c604-0e90-4945-a5c3-2401869d303b,
3708a7a3c6b873112962598fd5b988be,BANCA,TRANSF. DIRECTA A CALVA POZO EDGAR FABRICIO,Transporte,Mantenimiento Carro,Necesidad,False,Yo,True,Madre,0.0,True,Luz de freno,,,,,18440836-6c9a-43f5-94b5-4f73df26b5f8,
c1bf6d1870728fa20eb5b2fa143f9d95,BANCA,TRANSF. DIRECTA A DUENAS GALARZA CAROLINA MARIA ALEXANDRA,Alimentación,Almuerzo,Deseo,False,---,False,,7.0,True,hamburguesas ragnarok,,,,8742d56b-9583-4c52-8d2a-f0d7b15db287,,
5636aa71a88692eb68108f644257ca70,BANCA,Taurus,Alimentación,Desauno,Necesidad,False,Yo,True,Madre,5.0,True,desayuno taurus,,,,,bca495dd-2148-4553-be06-1b088447f44a,
536e5d99a42ae1242323a3a8e139771f,BANCA,Almuerzo Simon,Alimentación,Almuerzo,Necesidad,False,---,False,,7.0,True,,,,,8742d56b-9583-4c52-8d2a-f0d7b15db287,,
d127daff8f1b099febf95c9c5f130ae3,TARJETA,Autoservipampa,Transporte,Gasolina,Necesidad,False,---,False,,0.0,True,,,,,,,
0d7b19c1e4b60e8f4a4e3c03d8910709,TARJETA,MEDICITY LA PAMPA Q CONSUMO ECU,Salud,Enfermo,Necesidad,False,Yo,True,Madre,0.0,True,,,,,,51bd4115-5852-46a8-bd7b-09be5c1894c7,
556acdcd7faeabe321b3213971523e91,TARJETA,OBSIDIAN ECUECU O CONSUMO CAN,Subscripciones,,Deseo,False,---,False,,7.0,True,,,,,,,
bfe585ca78d78c2db15c3010d1ce1b6d,BANCA,TRANSF. DIRECTA A MONSERRATE NARANJO CARLOS ARMANDO,Alimentación,Almuerzo,Necesidad,False,---,False,,0.0,True,,,,,8742d56b-9583-4c52-8d2a-f0d7b15db287,,
45da892ed93a489401487163f2632ea2,BANCA,TRANSF. DIRECTA DE VERKADE MONTIEL DOMINIQUE LOURDES,Deudas,,---,False,---,False,,0.0,True,,,,,,,
3fecf430f25b81d4e61802477dbebebf,BANCA,TRANSF. DIRECTA A NAVARRETE COUTO JUAN JOSE,Regalo,,Deseo,False,---,False,,0.0,True,,,,,,,
7a0d16a8b7ca81b812d20d5c37818854,BANCA,Almuerzo Simon,Alimentación,Almuerzo,---,False,---,False,,7.0,True,,,,,8742d56b-9583-4c52-8d2a-f0d7b15db287,,
1706bea2d70e0c6fb5537ae89468b5ff,BANCA,Madre,Deudas,,---,False,---,False,,0.0,True,,,,,,,
ea0fe0ba726936d101368447ad3365ea,BANCA,TRANSF. DIRECTA A PRODUCTIVE BUSINESS SOLUTIONS ECUADOR PBSEC S.A.,Salud,ojos,Necesidad,False,Yo,True,Madre,0.0,True,Imprmir examenes,,,,,dd6c958d-ab90-419d-a294-31a9a973eb19,
35909ab6f8ae8853d56e5d5455b44bfa,BANCA,Almuerzo Simon,Alimentación,Almuerzo,---,False,---,False,,6.0,True,,,,,8742d56b-9583-4c52-8d2a-f0d7b15db287,,
62536fcd60a73f8620bf7224e53e39f8,BANCA,TRANSF. DIRECTA A DIAZ CASTELLANOS IVAN FABRICIO,Transporte,Carwash,---,False,Yo,True,Madre,0.0,True,,,,,,9f0c3951-77b1-499d-8274-333171ce57ab,
593c9eb882b2eac1820f8806fd9df8c7,BANCA,Manabas Grill Almuerzos,Alimentación,Almuerzo,Necesidad,False,---,False,,0.0,True,,,,,8742d56b-9583-4c52-8d2a-f0d7b15db287,,
aac6051633784b0b3487564384be4df1,BANCA,Almuerzo Simon,Alimentación,Almuerzo,---,False,---,False,,6.0,True,,,,,8742d56b-9583-4c52-8d2a-f0d7b15db287,,
14280d86ad8406ca30ef12abd5f1df51,TARJETA,upg*paymentico.com L CONSUMO CYP,Mujeres,Sexualidad,Deseo,False,---,False,,6.0,True,,,,,,,
d70c05f2df4fcb1805647bc782f8f82c,BANCA,TRANSF. DIRECTA A FALCONI ARMAS CHRISTIAN ROBERTO,Ocio,Trago,Deseo,False,---,False,,0.0,True,,,,,,,
2e30e09e2263d3d129e4ebdfad72ff6f,BANCA,TRANSF. DIRECTA A DAZA ROMERO GINA SORAYA DE LOS ANGELES,Alimentación,Almuerzo,Necesidad,False,---,False,,0.0,True,,,,,8742d56b-9583-4c52-8d2a-f0d7b15db287,,
6b3e7d6e070fdb87dc145c39fe6e3759,BANCA,Pago Tarjeta Principal,Tarjeta,Tarjeta,---,False,---,False,,0.0,True,,,,,,,
8a3251147d9906b33f209d257f123ff3,BANCA,Almuerzo Simon,Alimentación,Almuerzo,---,False,---,False,,6.0,True,,,,,8742d56b-9583-4c52-8d2a-f0d7b15db287,,
a5a1a002bcef9c346154e735f20f05cd,BANCA,Madre,Mensual,,---,False,---,False,,0.0,True,,,,,8742d56b-9583-4c52-8d2a-f0d7b15db287,,
046e8f3b1b8787188ab8871c630a6965,BANCA,Madre,Mensual,Mensual_Gasolina,---,False,---,False,,0.0,True,,,,,9fd02acc-e6a0-4596-ae82-5cc9f83c6b94,,
ad7dc6633a2b4c2555c32218615ea87f,BANCA,Almuerzo Simon,Alimentación,Almuerzo,---,False,---,False,,6.0,True,,,,,8742d56b-9583-4c52-8d2a-f0d7b15db287,,
060e05eb8d624e0eedb772e69cc7d0be,BANCA,TRANSF. INTERBANCARIA A BARRETO MUXOZ MARTHA VALERIA,Salud,otorrino,---,False,Yo,True,Madre,0.0,True,,,1cd56aaf-0a2b-49a5-a530-9ae8d3b3b488,,,ede9211f-bf69-4091-90e2-b0d20282aac1,
5ef8e5158d5934badfa89a682b16798e,TARJETA,TRANSF. INTERBANCARIA A BARRETO MUXOZ MARTHA VALERIA,Salud,otorrino,---,False,Yo,True,Madre,0.0,True,,,1cd56aaf-0a2b-49a5-a530-9ae8d3b3b488,,,ede9211f-bf69-4091-90e2-b0d20282aac1,
11b703cbbbebd51173c3eb10717e0491,BANCA,TRANSF. DEUNA A MARIA DE LOS ANGELES RODRIGUEZ TAPIA,Alimentación,Almuerzo,Necesidad,False,---,False,,0.0,True,,,,,8742d56b-9583-4c52-8d2a-f0d7b15db287,,
7ca5b558439ceccfaf746dffabd7cb08,TARJETA,Autoservipampa,Transporte,Gasolina,Necesidad,False,---,False,,0.0,True,,,ae847f13-3b21-4618-8eaf-032abc8aaebe,,,,
ee110c3e525bd3643ff4ad4e7d33b134,TARJETA,Autoservipampa,Transporte,Gasolina,Necesidad,False,---,False,,0.0,True,,,ae847f13-3b21-4618-8eaf-032abc8aaebe,,,,
0f1d37ea6c93698a4adb857151b8e212,TARJETA,Autoservipampa,Transporte,Gasolina,Necesidad,False,---,False,,0.0,True,,,ae847f13-3b21-4618-8eaf-032abc8aaebe,,,,
3e6e1b9cff5263a2f389528846c3118d,TARJETA,CLAUDE.AI SUBSCRIPTION S CONSUMO USA,Subscripciones,,Necesidad,False,---,False,,8.0,True,,,4240ba9e-265c-465d-95fe-1ba68fed3845,,,,
654732391a8f263477b6d62ef32dac8c,TARJETA,CLAUDE.AI SUBSCRIPTION S CONSUMO USA,Subscripciones,,Necesidad,False,---,False,,8.0,True,,,4240ba9e-265c-465d-95fe-1ba68fed3845,,,,
b4b58a697d81b8fec378dfd01e44a92e,BANCA,TRANSF. DEUNA A MERIDA TORRES ARREDONDO,Alimentación,Almuerzo,Necesidad,False,---,False,,0.0,True,,,,,8742d56b-9583-4c52-8d2a-f0d7b15db287,,
8b90db1a6ea941f9056b84b259a02112,BANCA,Almuerzo Simon,Alimentación,Almuerzo,---,False,---,False,,7.0,True,,,,,8742d56b-9583-4c52-8d2a-f0d7b15db287,,
24deacf7f00e18ba1a6c4cacc3e43563,BANCA,OPTILOOK ECU Q CONSUMO ECU,Salud,Lentes,---,False,Yo,True,Madre,0.0,True,Lentes de ccontacto,,aefe36d1-253d-47a4-95e2-c564411cac6a,,,abf35c87-6b18-43ef-beae-1dc9d2ec11d0,
82e8d02c02dfa3854cc532ee8f9b96f4,TARJETA,OPTILOOK ECU Q CONSUMO ECU,Salud,Lentes,---,False,Yo,True,Madre,0.0,True,Lentes de ccontacto,,aefe36d1-253d-47a4-95e2-c564411cac6a,,,abf35c87-6b18-43ef-beae-1dc9d2ec11d0,
294d37abfd1fd7cd6a96b3da349e9db7,TARJETA,Uber,Subscripciones,,Deseo,False,Familia,True,Madre,0.0,True,,,98bf7a83-eca4-41d9-97d8-c387eb188aa4,,,c87dfd66-1384-4184-bbfd-12e316aa7e13,
96cbac4815418dc583768cf63ffc7257,TARJETA,Uber,Subscripciones,,Deseo,False,Familia,True,Madre,0.0,True,,,98bf7a83-eca4-41d9-97d8-c387eb188aa4,,,c87dfd66-1384-4184-bbfd-12e316aa7e13,
4fa53efdbdaf45dd330a5cad4598689c,BANCA,Almuerzo Simon,Alimentación,Almuerzo,---,False,---,False,,6.0,True,,,,,8742d56b-9583-4c52-8d2a-f0d7b15db287,,
51683156ad86b4ca773d9d0e5b8a2b79,BANCA,TRANSF. DEUNA A VERONICA MARISOL MOROCHO CHALCO,Alimentación,,Deseo,False,---,False,,0.0,True,,,b1032f9e-7881-42ae-affa-96c7f5d99e3b,,,,
444f6f66e49423e11e88825a01b11b5d,BANCA,TRANSF. DEUNA A VERONICA MARISOL MOROCHO CHALCO,Alimentación,,Deseo,False,---,False,,0.0,True,,,b1032f9e-7881-42ae-affa-96c7f5d99e3b,,,,
c73b8c32a20219039daff311760657aa,BANCA,PAGO TARJETA DE CREDITO MASTERCARD BANCO PICHINCHA  54660500045502,Inversion,,---,False,---,False,,0.0,True,,,,,,,
1cf8a160ddb6380c920ad497a8456194,TARJETA,GOOGLE *Brawl Stars M CONSUMO USA,Regalo,,Deseo,False,---,False,,6.0,True,,,,,,,
aa2d5696313305e6f2fee2b8f08f31f2,TARJETA,PMZ TICKETSHOW E CONSUMO ECU,Deudas,,---,False,Familia,True,Madre,0.0,True,,,,,,5a344867-1653-413b-b292-27b75a83007b,
f91d7d47caf7a2d2e979721354166f04,BANCA,Almuerzo Simon,Alimentación,Almuerzo,Necesidad,False,---,False,,7.0,True,,,,,8742d56b-9583-4c52-8d2a-f0d7b15db287,,
b269bd5afd0cfd305e9b533880b03ba0,BANCA,Almuerzo Simon,Alimentación,Almuerzo,---,False,---,False,,7.0,True,,,,,8742d56b-9583-4c52-8d2a-f0d7b15db287,,
a7be9126f258257f2c855238f338672a,BANCA,Almuerzo Simon,Alimentación,Almuerzo,---,False,---,False,,7.0,True,,,,,8742d56b-9583-4c52-8d2a-f0d7b15db287,,
a5dddc25ac0e1a05052db7286cec268b,BANCA,LA TABLITA DEL TARTARO Q CONSUMO ECU,Alimentación,,Deseo,False,---,False,,7.0,True,,,66a623e7-eaed-4250-826a-d8bd2c2fb0c5,,,,
e69a00811a24c2d64827bc1c1cf466ae,TARJETA,LA TABLITA DEL TARTARO Q CONSUMO ECU,Alimentación,,Deseo,False,---,False,,7.0,True,,,66a623e7-eaed-4250-826a-d8bd2c2fb0c5,,,,
6b9cfb820f0e02b330739907df1c0baa,TARJETA,BATH BODY WORKS Q CONSUMO ECU,Regalo,,Deseo,False,---,False,,7.0,True,Dia de la madre,,,,,,
8e175630c59d4e800edfdb2ef09fae74,BANCA,Morochos,Alimentación,,---,False,Familia,True,Madre,0.0,True,Merienda Morochos,,,,,6b4a9c95-d9a1-4327-aa95-8969a2b22a4e,
4fa6eb9fc874759c5697b00d032a5c0a,TARJETA,DIFARE S A G CONSUMO ECU,Salud,,---,False,Hermana,True,Ñaña,0.0,True,Farmacia,,,,,f805516f-cea6-4800-8710-918ae09ba35a,
ac6e7ed5d29611643ed2bd33619c04d3,BANCA,TRANSF. DIRECTA A PEREZ GALARZA CARLOS ALBERTO,Ocio,Trago,Deseo,False,---,False,,7.0,True,,,,,,,
bbfb9f8aa3dd07c96489780d02187e42,TARJETA,OBSIDIAN ECU O CONSUMO CAN,Subscripciones,,Deseo,False,---,False,,6.0,True,,,,,,,
021ebcc1821df8684bc474ae3deaca18,BANCA,TRANSF. DIRECTA A JIMENEZ EGAS LEANDRO IVAN,Ocio,Trago,Deseo,False,---,False,,0.0,True,,,02076dd0-5049-4c9a-938e-4326275c8b7a,,,,
6839d104040e195afe54f66f6790eebd,BANCA,TRANSF. DIRECTA A JIMENEZ EGAS LEANDRO IVAN,Ocio,Trago,Deseo,False,---,False,,0.0,True,,,02076dd0-5049-4c9a-938e-4326275c8b7a,,,,
e32e9f0788e347a8e85a18deb196a697,BANCA,Almuerzo Simon,Alimentación,Almuerzo,Necesidad,False,---,False,,7.0,True,,,,,8742d56b-9583-4c52-8d2a-f0d7b15db287,,
6f26ef0cea708af2f54bada6f9dd415c,TARJETA,PTP - PEAJE CONSEJO PROVINCIAL CONSUMO,Transporte,,Necesidad,False,---,False,,0.0,True,,,ee87626e-964d-4729-b85e-34c5c74433a3,,,,
5253489d41532b4bbf5d2a840bc388f5,TARJETA,PTP - PEAJE CONSEJO PROVINCIAL CONSUMO,Transporte,,Necesidad,False,---,False,,0.0,True,,,ee87626e-964d-4729-b85e-34c5c74433a3,,,,
2043795364746dff67ddda258ec13d88,TARJETA,GOOGLE *YouTubeA M CONSUMO USA,Ocio,,Deseo,False,---,False,,8.0,True,Para que Pedro el Ingeniero  me leyera un mensaje,,5784ce8b-afb4-400a-baf7-d2f0f2aa188d,,,,
23135c9d5e4455664b18c07868f105cd,TARJETA,GOOGLE *YouTubeA M CONSUMO USA,Ocio,,Deseo,False,---,False,,8.0,True,Para que Pedro el Ingeniero  me leyera un mensaje,,5784ce8b-afb4-400a-baf7-d2f0f2aa188d,,,,
aea008bed378d19a4536be6ff46b9cef,BANCA,PAGO POR SERVICIO DE GAD PICHINCHA FONDO VIAL,Transporte,,---,False,Yo,True,Madre,0.0,True,,,,,,9290bdf5-93d0-498b-941f-1d0201169426,
807cd03737f4d475f6535f5ea7ce8be7,TARJETA,Autoservipampa,Transporte,Gasolina,Necesidad,False,---,False,,5.0,True,,,241f3183-62be-48c2-8b1b-dc80881871e7,,,,
4e931f48a936afd2f5b092674b7c8e7b,TARJETA,Autoservipampa,Transporte,Gasolina,Necesidad,False,---,False,,5.0,True,,,241f3183-62be-48c2-8b1b-dc80881871e7,,,,
ca6e7bebcac3ada480726bde632cfd45,TARJETA,Autoservipampa,Transporte,Gasolina,Necesidad,False,---,False,,5.0,True,,,241f3183-62be-48c2-8b1b-dc80881871e7,,,,
c5582d60b95a8ba82a46089469b242f4,BANCA,2605191XGVNA-MASTE BP-REC-54660500045502,Inversion,,---,False,Mamá,False,Madre,0.0,True,"Pago de lo ultimo de Universidad
",,,,,,
fec2c8ca8e2254af476e896d4e7e46e9,BANCA,Cevichocho U Esquina,Alimentación,,Deseo,False,---,False,,6.0,True,,,,,,,
32c0b4683eb3a42fd5819a5b6d80a764,BANCA,Transf. Deuna A Juan Carlos Balla Yumbo,Ocio,Trago,Necesidad,False,---,False,,0.0,True,,,e5cbbbd3-3ee9-4702-922d-26dc312178c4,,,,
72f0d99dc1afbd349eeb3e2cafccbb29,BANCA,Transf. Deuna A Juan Carlos Balla Yumbo,Ocio,Trago,Necesidad,False,---,False,,0.0,True,,,e5cbbbd3-3ee9-4702-922d-26dc312178c4,,,,
5eac2f18818bb287cc5d4d8c17536667,BANCA,TRANSF. DIRECTA A VERKADE MONTIEL DOMINIQUE LOURDES,Deudas,,---,False,---,False,,0.0,True,Deudas,,,,,,
2f9620f42fe29a31e1e495c8c25f71b7,BANCA,TRANSF. DEUNA A JOSE MANUEL UPAYA CAJILEMA,Transporte,,---,False,Yo,True,Madre,0.0,True,Llanta ponchada,,,,,b12a27c1-4312-47eb-b1ed-c2a0ab415bde,
1c1688031969082550c9c7e012d38e83,BANCA,Pago Tarjeta Principal,Tarjeta,Tarjeta,---,False,---,False,,0.0,True,,,,,,,
c187802e408594e7f1d37de9d3c7c865,BANCA,Almuerzo Simon,Alimentación,Almuerzo,Necesidad,False,---,False,,7.0,True,,,,,8742d56b-9583-4c52-8d2a-f0d7b15db287,,
89c0151dbae8819be708e5823ddca6af,BANCA,Almuerzo Simon,Alimentación,Almuerzo,Necesidad,False,---,False,,7.0,True,,,,,8742d56b-9583-4c52-8d2a-f0d7b15db287,,
ab4cc0e4964d6175b795e7b9af571faa,BANCA,Madre,Mensual,Mensual_Comida,---,False,---,False,,0.0,True,,,,,8742d56b-9583-4c52-8d2a-f0d7b15db287,,
d70773bcdbf8ed4f1380c40817c38165,BANCA,Madre,Mensual,"Gasolina, Mensual_Gasolina",Necesidad,False,---,False,,0.0,True,,,,,9fd02acc-e6a0-4596-ae82-5cc9f83c6b94,,
6edf1fa8ee46ee4a0e746fb1e6b50328,BANCA,TRANSF. DEUNA A CHRISTIAN ROBERTO FALCONI ARMAS,Ocio,Trago,Deseo,False,---,False,,7.0,True,,,770aba61-a537-46d6-82ce-343fb88e91f8,,,,
76eeeaa99d2ecb231b9d564904982f8b,BANCA,Transf. Deuna A Agromiro Ec S A Agromiro Ec,Alimentación,Almuerzo,Necesidad,False,---,False,,0.0,True,,,,,8742d56b-9583-4c52-8d2a-f0d7b15db287,,
de402a3ef6f310d56d77d74dbb152050,BANCA,TRANSF. DEUNA A CHRISTIAN ROBERTO FALCONI ARMAS,Ocio,Trago,Deseo,False,---,False,,7.0,True,,,770aba61-a537-46d6-82ce-343fb88e91f8,,,,
bf3148abe51ab9f161b698c29408d58e,TARJETA,Supermaxi,Ocio,,Deseo,False,---,False,,6.0,True,Cromos,,,,,,
204b9e7853c9513666240eae6270cdfa,TARJETA,Uber,Alimentación,Merienda,Deseo,False,Familia,True,Madre,6.0,True,,,c22fb6b5-fb31-4b0e-bf85-5396aeb6bc75,,,28dc62e8-b0b5-40ce-a9b7-bfb7d573f348,
4377fca35f8a78d9036a492fd2a4d1b0,TARJETA,Uber,Alimentación,Merienda,Deseo,False,Familia,True,Madre,6.0,True,,,c22fb6b5-fb31-4b0e-bf85-5396aeb6bc75,,,28dc62e8-b0b5-40ce-a9b7-bfb7d573f348,
bd4a1fed35b2118ad68097600f40603e,BANCA,Almuerzo Simon,Alimentación,Almuerzo,Necesidad,False,---,False,Ñaña,6.0,True,,5ca67978-59fe-4942-8295-781b33937386,,-4.0,8742d56b-9583-4c52-8d2a-f0d7b15db287,68571dfc-f5f9-4264-92ea-d7ab6780e207,
bd4a1fed35b2118ad68097600f40603e,BANCA,,---,,---,False,Hermana,True,Ñaña,0.0,True,,39260b5b-4a64-451a-9e81-35eff60d4fa3,,-4.0,,68571dfc-f5f9-4264-92ea-d7ab6780e207,
16e604469568847ac6b370a6ccba2227,TARJETA,CLAUDE.AI SUBSCRIPTION S CONSUMO USA,Subscripciones,,Necesidad,False,---,False,,6.0,True,,,f1058552-7c61-41c0-a2d4-b5c534f7dbb8,,,,
a4c9cfd4d0646a9fb93394204a3f58b2,TARJETA,CLAUDE.AI SUBSCRIPTION S CONSUMO USA,Subscripciones,,Necesidad,False,---,False,,6.0,True,,,f1058552-7c61-41c0-a2d4-b5c534f7dbb8,,,,
3f114de0d453ae6d98829fd844c3e9fd,BANCA,TRANSF. DIRECTA A GUEVARA OLMEDO MATEO NICOLAS,Alimentación,Almuerzo,Necesidad,False,---,False,,6.0,True,,,,,8742d56b-9583-4c52-8d2a-f0d7b15db287,,
a7ac87457539afce9aecadab2cc008b6,BANCA,Almuerzo Simon,Alimentación,Almuerzo,Necesidad,False,---,False,,7.0,True,,,,,8742d56b-9583-4c52-8d2a-f0d7b15db287,,
15b4a8a803ac1fda0c60fa4f16a1aed5,BANCA,Madre,Deudas,,---,False,---,False,,0.0,True,,,,,,,
6ac6076f1f45abba643815d4c6a80d74,BANCA,TRANSF. DIRECTA A FOUNES PINTO GIOVANNY FRANCISCO,Ocio,Discoteca,Deseo,False,---,False,,6.0,True,,,,,,,
a245681f3c091c8af375a4db71fbb4d3,BANCA,Transf. Deuna A Agromiro Ec S A Agromiro Ec,Alimentación,Almuerzo,Necesidad,False,---,False,,6.0,True,,,,,8742d56b-9583-4c52-8d2a-f0d7b15db287,,
23281ddff2062cd9edc85a761cd3fd63,BANCA,TRANSF. DIRECTA A CHICAIZA ERAZO SEBASTIAN MATEO,Ocio,,Deseo,False,---,False,,7.0,True,,,,,,,
b5093cd5ffdf407aac1d62fab7beccb7,BANCA,Hermana,Mensual,Transporte Noah,---,False,---,False,,0.0,True,,,,,,,
c4e82ee87cd009b712db483dd945c86d,BANCA,Hermana,Mensual,Transporte Noah,---,True,---,False,,0.0,True,,,,,,,
62c96cf20c8fa3a47fc09a5701790898,TARJETA,Uber,Subscripciones,,Deseo,False,Familia,True,Ñaña,0.0,True,Uber cromos,,570e493f-be20-41db-ac0f-c6f7aace2847,,,c081007b-7897-4865-9f03-d0a2aeec3984,
bfdfccefbd48b38ac88ab3f2cd7cae42,TARJETA,Uber,Subscripciones,,Deseo,False,Familia,True,Ñaña,0.0,True,Uber cromos,,570e493f-be20-41db-ac0f-c6f7aace2847,,,c081007b-7897-4865-9f03-d0a2aeec3984,
86c936d0b781d3c98181b51dbc8b9ff9,TARJETA,Uber,Subscripciones,,Deseo,False,Familia,True,Madre,0.0,True,,,18d40739-c658-4507-9ffb-78111a2290ba,,,d901c483-6ddd-4ccc-8f58-232de5c479bd,
7cff6da6d462c80f2cafb3b62ca70fd8,TARJETA,Uber,Subscripciones,,Deseo,False,Familia,True,Madre,0.0,True,,,18d40739-c658-4507-9ffb-78111a2290ba,,,d901c483-6ddd-4ccc-8f58-232de5c479bd,
7f5f938f3666ea0a5694ac5c6efa6b97,TARJETA,Mc,Alimentación,Almuerzo,Necesidad,False,Familia,True,Ñaña,0.0,True,MC NOAH,,,,,187b9dac-dfe4-49ed-9cbb-5653ecf4174d,
a63c938d3b2735eef59feb163baa3125,BANCA,TRANSF. DIRECTA DE CARRILLO SALCEDO CARLOS ALBERTO,Deudas,,---,False,---,False,,0.0,True,,,,,,,
904085b7342ba0b63b0e2e97976e4f8c,BANCA,Pago Tarjeta De Credito Principal,Tarjeta,Tarjeta,Necesidad,True,---,False,,0.0,True,,,,,,,
9249ace0eb4f35eda2abfc0a1c636da9,BANCA,TRANSF. DIRECTA A VERKADE MONTIEL DOMINIQUE LOURDES,Deudas,,---,False,---,False,,0.0,True,,,,,,,
ff97688a54f0f4702638d60cb70525ff,BANCA,PAGO TARJETA INTERBANCARIA ENVIADA,Tarjeta,,---,False,---,False,,0.0,True,,,,,,,
75b3fbd2dc26de41a8fffe2da1ab4c1d,BANCA,Almuerzo Simon,Alimentación,Almuerzo,Necesidad,False,---,False,,7.0,True,,,,,8742d56b-9583-4c52-8d2a-f0d7b15db287,,
95fbfb8ff46a2b378d43c36604c5522d,BANCA,Almuerzo Simon,Alimentación,Almuerzo,Necesidad,False,---,False,,7.0,True,,,,,8742d56b-9583-4c52-8d2a-f0d7b15db287,,
4e3f21941d15bccf26de2fe0d80393be,BANCA,Almuerzo Simon,Alimentación,Almuerzo,Necesidad,False,---,False,,7.0,True,,,,,8742d56b-9583-4c52-8d2a-f0d7b15db287,,
6e67c82ac99d50f105c72a8a7cc4ab35,TARJETA,Gasolinera Atimasa,Transporte,Gasolina,Necesidad,True,---,False,,5.0,True,,,fca2816c-a0d0-432b-9873-46e6b476a80d,,,,
1738bf4cf90a2e27fc0c7c64fba8375a,TARJETA,Gasolinera Atimasa,Transporte,Gasolina,Necesidad,True,---,False,,5.0,True,,,fca2816c-a0d0-432b-9873-46e6b476a80d,,,,
8c596ce68be4596f02989e744f363821,TARJETA,Gasolinera Atimasa,Transporte,Gasolina,Necesidad,True,---,False,,5.0,True,,,fca2816c-a0d0-432b-9873-46e6b476a80d,,,,
d12f4ef38c18e99d83147b61561c82c7,BANCA,TRANSF. DEUNA A ROSA VERONICA MALLA MANZANO,Regalo,,Deseo,False,---,False,,7.0,True,,,,,,,
795b9e3023086d7eac74588b0b02e243,BANCA,Almuerzo Simon,Alimentación,Almuerzo,Necesidad,False,---,False,,7.0,True,,,,,8742d56b-9583-4c52-8d2a-f0d7b15db287,,
ada4fe4922a79b8c708b38413fbc9312,BANCA,TRANSF. DEUNA A NATHALI SILVANA LOPEZ SHUGULI,Alimentación,Desayuno,---,False,Yo,True,Madre,0.0,True,,,,,,d3da7e84-c1e3-4b3e-b7ef-00f6c66ea818,
a30e66fae574b8eaef1e6207676771e1,BANCA,TRANSF. DIRECTA A LARA ACOSTA JOHN ADOLFO,Alimentación,,Deseo,False,---,False,,7.0,True,Trago y COmida,,f71d4c00-8c58-4404-8589-730687c02ebe,,,,
2e118e02855086b1da4ee4cec9e337df,BANCA,TRANSF. DIRECTA A LARA ACOSTA JOHN ADOLFO,Alimentación,,Deseo,False,---,False,,7.0,True,Trago y COmida,,f71d4c00-8c58-4404-8589-730687c02ebe,,,,
475042d6ac98b3d54fa55ea89529a542,BANCA,Morochos,Alimentación,Merienda,Deseo,False,---,False,,6.0,True,,,,,,,
fad98cbc304969ecebd7ea8d6860a585,BANCA,Hermana,Mensual,Transporte Noah,---,True,---,False,,0.0,True,,,,,,,
2912d135209209b2537ce8abf69c0ad7,BANCA,TRANSF. DIRECTA A PANILUISA CHICAIZA EDISON ORLANDO,Alimentación,,Deseo,False,---,False,,0.0,True,,,,,,,
e67d0ba3e6dd75af389c3009fe47e546,TARJETA,Gasolinera Atimasa,Transporte,Gasolina,Necesidad,True,---,False,,0.0,True,,,7cb64bde-10a7-48e7-898c-2d15468e4f53,,,,
e2350b441cb37614428efa1e4c9fa33e,TARJETA,Gasolinera Atimasa,Transporte,Gasolina,Necesidad,True,---,False,,0.0,True,,,7cb64bde-10a7-48e7-898c-2d15468e4f53,,,,
f7a5682f1c5ff77db3f6ab41abc2c8dd,TARJETA,Gasolinera Atimasa,Transporte,Gasolina,Necesidad,True,---,False,,0.0,True,,,7cb64bde-10a7-48e7-898c-2d15468e4f53,,,,
bf6c5347b271fda3ffdde494c174a26e,BANCA,Almuerzo Simon,Alimentación,Almuerzo,Necesidad,False,---,False,,7.0,True,,,,,8742d56b-9583-4c52-8d2a-f0d7b15db287,,
ff591c13ef5daa1a8308871fc9e93591,BANCA,Almuerzo Simon,Alimentación,Almuerzo,Necesidad,False,---,False,,7.0,True,,,,,8742d56b-9583-4c52-8d2a-f0d7b15db287,,
2c381e96e97962e7872c1fcd35d4eaba,TARJETA,OBSIDIAN ECUECU O CONSUMO CAN,Subscripciones,,Deseo,False,---,False,,7.0,True,,,,,,,
882f4f2c7f1412a31a39f86e4fcd94b9,BANCA,Transf. Deuna A Agromiro Ec S A Agromiro Ec,Alimentación,Almuerzo,Necesidad,False,---,False,,0.0,True,,,,,8742d56b-9583-4c52-8d2a-f0d7b15db287,,
bd0b7db35d1786765949f125c3e47129,BANCA,LA FABRICA BEER Y GIN Q CONSUMO ECU,Ocio,Trago,Deseo,False,---,False,,7.0,True,,,0a24027c-4f0b-417f-92a5-b83daed89bf0,,,,
a7ec61e9ad43366971f213d156d46fc7,BANCA,LA FABRICA BEER Y GIN Q CONSUMO ECU,Ocio,Trago,Deseo,False,---,False,,7.0,True,,,0a24027c-4f0b-417f-92a5-b83daed89bf0,,,,
0d2316a7ea2a5cada2d61595a962ca66,TARJETA,LA FABRICA BEER Y GIN Q CONSUMO ECU,Ocio,Trago,Deseo,False,---,False,,7.0,True,,,0a24027c-4f0b-417f-92a5-b83daed89bf0,,,,
9e3b0d094af2de685971886282918b5a,BANCA,TRANSF. DIRECTA A BARRIGA VALDIVIESO JOHN MICHAEL,Ocio,Trago,Deseo,False,---,False,,7.0,True,,,239ed293-deac-4913-a1f5-edb0908a56c2,,,,
c33b60866622d4e2010a3c87ce95d33f,BANCA,TRANSF. DIRECTA A BARRIGA VALDIVIESO JOHN MICHAEL,Ocio,Trago,Deseo,False,---,False,,7.0,True,,,239ed293-deac-4913-a1f5-edb0908a56c2,,,,
cea1bc7b250d7e57848e02ea8e033521,BANCA,TRANSF. DIRECTA A BARRIGA VALDIVIESO JOHN MICHAEL,Ocio,Trago,Deseo,False,---,False,,7.0,True,,,239ed293-deac-4913-a1f5-edb0908a56c2,,,,
8f4e45031c7b251eebbb773924b17623,BANCA,Manabas Grill Almuerzos,Alimentación,Almuerzo,Necesidad,False,---,False,,0.0,True,,,,,8742d56b-9583-4c52-8d2a-f0d7b15db287,,
ed9f629d44ceef21ebf6dfbdb1ed41d6,BANCA,TRANSF. DIRECTA A MEDINA AYALA VIOLETA ALEJANDRA,Ocio,,---,False,Yo,True,Madre,0.0,True,Viaje Airbnb,,,,,e6bb0607-1290-45ff-ba16-3ff878945959,
fbebf90bbf6aca78d4e927e3ba1dd2be,BANCA,TRANSF. DIRECTA A MARIN CABRERA JHONNY FERNANDO,Ocio,Discoteca,Deseo,False,---,False,,7.0,True,,,,,,,
ac606d3c595f608c61a7396175982d7d,BANCA,Almuerzo Simon,Alimentación,Almuerzo,Necesidad,False,---,False,,7.0,True,,,,,8742d56b-9583-4c52-8d2a-f0d7b15db287,,
5a14f05ad491c905b2b5e6b66f9374dd,TARJETA,Uber,Transporte,,Necesidad,False,---,False,,0.0,True,Me olvide las llabes,,07b60495-b6c9-4746-aad1-fe67d07ba0d0,,,,
c02f41b8f36dbe07bf764ea40a0d83f3,TARJETA,Uber,Transporte,,Necesidad,False,---,False,,0.0,True,Me olvide las llabes,,07b60495-b6c9-4746-aad1-fe67d07ba0d0,,,,
4661efc5b89b492b5c706ebf74ca234e,BANCA,Almuerzo Simon,Alimentación,Almuerzo,Necesidad,False,---,False,,7.0,True,,,,,8742d56b-9583-4c52-8d2a-f0d7b15db287,,
d72f206fbf96ecd7505ecfd954573d52,BANCA,TRANSF. DIRECTA A ORTIZ SALCEDO VANESSA PAOLA,Alimentación,Desayuno,Deseo,False,---,False,,6.0,True,,,,,,,
c932e7789fc13fc0d27fb33f51ad96c8,BANCA,Almuerzo Simon,Alimentación,Almuerzo,Necesidad,False,---,False,,7.0,True,,,,,8742d56b-9583-4c52-8d2a-f0d7b15db287,,
b30cbfe239fc2aaf49b0c7448e904673,BANCA,Almuerzo Simon,Alimentación,Almuerzo,Necesidad,False,---,False,,7.0,True,,,,,8742d56b-9583-4c52-8d2a-f0d7b15db287,,
261c94f20e5b26986bc266608bfd8af4,BANCA,TRANSF. INTERBANCARIA A BARRETO MUXOZ MARTHA VALERIA,Salud,otorrino,---,False,Yo,True,Madre,0.0,True,,,11ce576d-4515-4bb6-ac55-9fb2a016ed79,,,170f8ae4-c685-4aca-b792-edfbde6771e5,
ed33d14cf1766e59f1557e4cb0319160,TARJETA,TRANSF. INTERBANCARIA A BARRETO MUXOZ MARTHA VALERIA,Salud,otorrino,---,False,Yo,True,Madre,0.0,True,,,11ce576d-4515-4bb6-ac55-9fb2a016ed79,,,170f8ae4-c685-4aca-b792-edfbde6771e5,
677c0d8dc6f13d38c1782e101e535c34,BANCA,TRANSF. INTERBANCARIA A BARRETO MUXOZ MARTHA VALERIA,Salud,otorrino,---,False,Yo,True,Madre,0.0,True,,,11ce576d-4515-4bb6-ac55-9fb2a016ed79,,,170f8ae4-c685-4aca-b792-edfbde6771e5,
6a3209731625aa80e9d64ac50c3d0ca1,BANCA,TRANSF. INTERBANCARIA A BARRETO MUXOZ MARTHA VALERIA,Salud,otorrino,---,False,Yo,True,Madre,0.0,True,,,11ce576d-4515-4bb6-ac55-9fb2a016ed79,,,170f8ae4-c685-4aca-b792-edfbde6771e5,
144d50064d97a0cd75ef7d2b1f4375cb,TARJETA,Uber,Alimentación,Merienda,Deseo,False,Familia,True,Madre,6.0,True,Alitas en el partido de Ecuador,,7a83052f-92de-4a69-8264-f10f15352ca9,,,e2c97ceb-8efa-42a5-8610-d494a0efce80,
faccbdc600f1856772456e9a37d4b373,TARJETA,Uber,Alimentación,Merienda,Deseo,False,Familia,True,Madre,6.0,True,Alitas en el partido de Ecuador,,7a83052f-92de-4a69-8264-f10f15352ca9,,,e2c97ceb-8efa-42a5-8610-d494a0efce80,
0c3f481e6a080a029eea14add7015f1c,TARJETA,Subcripcion Uber,Alimentación,Almuerzo,Necesidad,False,Familia,True,Madre,0.0,True,,,b93aecc1-85b8-4a47-84ab-d67857223f59,,,51282b41-2d0a-41bc-a8e3-2d6f6ce26354,
29a57a02ac155b3def484de8215ef45f,TARJETA,Subcripcion Uber,Alimentación,Almuerzo,Necesidad,False,Familia,True,Madre,0.0,True,,,b93aecc1-85b8-4a47-84ab-d67857223f59,,,51282b41-2d0a-41bc-a8e3-2d6f6ce26354,
014064350a2a16ad61b213ff2e1a3763,BANCA,PAGO TARJETA DE CREDITO MASTERCARD BANCO PICHINCHA  E-223067000075,Tarjeta,,---,False,---,False,,0.0,True,,,,,,,
7d9e7d103611443ff2adc857a1dbaaa0,BANCA,Almuerzo Simon,Alimentación,Almuerzo,Necesidad,False,---,False,,7.0,True,,,,,8742d56b-9583-4c52-8d2a-f0d7b15db287,,
e4231a37d6173f74ff712a31e0a96468,BANCA,Madre,Mensual,,---,False,---,False,,0.0,True,,,,,8742d56b-9583-4c52-8d2a-f0d7b15db287,,
1e4bc6ae49c68f20b379ba5e27b046e1,BANCA,Madre,Mensual,,---,False,---,False,,0.0,True,,,,,9fd02acc-e6a0-4596-ae82-5cc9f83c6b94,,
0e325583fc90a9f9a4532c600ad9239e,BANCA,Almuerzo Simon,Alimentación,Almuerzo,Necesidad,False,---,False,,7.0,True,,,,,8742d56b-9583-4c52-8d2a-f0d7b15db287,,
40bd696c61ef4fdeb063878a1671ad75,TARJETA,MICROSOFT*PC GAME PASS M CONSUMO USA,Ocio,Videojuegos,Deseo,False,---,False,,7.0,True,,,,,,,
531dc41d419f4ae86efe508f02bc742c,TARJETA,GOOGLE *Club Legend So M CONSUMO USA,Ocio,Videojuegos,Deseo,False,---,False,,7.0,True,,,,,,,
51485df299ad1da7fa2c3c781eb4ca4c,BANCA,TRANSF. DIRECTA A JARA RAMIREZ GUSTAVO DAVID,Ocio,Concierto,Deseo,False,Yo,True,Madre,6.0,True,,,,,,b7caf9df-0c00-4a4e-a888-5a56fb1f9a9a,
347e886b2b4f00851f857195e67160ff,BANCA,Almuerzo Simon,Alimentación,Almuerzo,Necesidad,False,---,False,,7.0,True,,,,,8742d56b-9583-4c52-8d2a-f0d7b15db287,,
8aba07f06c196f263cd4078a599fa754,BANCA,TRANSF. DIRECTA A MENDOZA SUAREZ GLEN ANTONIO,Alimentación,Almuerzo,Necesidad,False,---,False,,6.0,True,,,,,8742d56b-9583-4c52-8d2a-f0d7b15db287,,
01b3d67ba4f16b16cfc28626bcc3c14b,BANCA,TRANSF. DEUNA A MONICA PATRICIA VALENZUELA TERAN,Otro,,Necesidad,False,---,False,,0.0,True,Copias,,,,,,
e16ae1ae246a0802ba159b139fc43835,BANCA,Apertura De Depóstio A Plazo Fijo,Inversion,Inversion,---,False,---,False,,0.0,True,,,,,,,
01b9d2eefe328336fa9a8f8be57cdba7,BANCA,TRANSF. DEUNA A SUSANA VALLA TENESACA,Ocio,Trago,Deseo,False,---,False,,7.0,True,,,29b9d35a-1887-41a9-9519-6b5016066b6d,,,,
af9891b1148cdc1200e0bdbc233574c9,BANCA,TRANSF. DEUNA A SUSANA VALLA TENESACA,Ocio,Trago,Deseo,False,---,False,,7.0,True,,,29b9d35a-1887-41a9-9519-6b5016066b6d,,,,
383107cc463a8c5ff7cd98cbf04ba715,TARJETA,Uber,Transporte,,Deseo,False,---,False,,8.0,True,Partido Alemania vs Ecuador,,6e146e14-dd81-4ee8-8bcb-4ba60772629a,,,,
82b32cbae15a9a11dc6e723e5fed0d91,TARJETA,Uber,Transporte,,Deseo,False,---,False,,8.0,True,Partido Alemania vs Ecuador,,6e146e14-dd81-4ee8-8bcb-4ba60772629a,,,,
c96c1838d393a141603c590b8eb9fc4b,TARJETA,Uber,Transporte,,Deseo,False,---,False,,8.0,True,Partido Alemania vs Ecuador,,6e146e14-dd81-4ee8-8bcb-4ba60772629a,,,,
8b483847b0d84696e65727b4d0aad76a,TARJETA,Uber,Transporte,,Deseo,False,---,False,,8.0,True,Partido Alemania vs Ecuador,,6e146e14-dd81-4ee8-8bcb-4ba60772629a,,,,
0a8eebec3fbfbd9b452ad4b4939ac0ee,BANCA,Almuerzo Simon,Alimentación,Almuerzo,Necesidad,False,---,False,,7.0,True,,,,,8742d56b-9583-4c52-8d2a-f0d7b15db287,,
687a23387ac4570b253b5734566e5bc6,TARJETA,ANTHROPIC* CLAUDE SUB S CONSUMO USA,Subscripciones,,Deseo,False,---,False,,6.0,True,,,76f25d7d-af0e-41bd-b2e7-597cb364e72d,,,,
9c0c726635c2c42cbdbbb294775c9d32,TARJETA,ANTHROPIC* CLAUDE SUB S CONSUMO USA,Subscripciones,,Deseo,False,---,False,,6.0,True,,,76f25d7d-af0e-41bd-b2e7-597cb364e72d,,,,
b9d00c5f1e713e6e67b81d7f79b87bbd,BANCA,Almuerzo Simon,Alimentación,Almuerzo,Necesidad,False,Familia,True,Madre,7.0,True,,,,,,78a0c0ae-41dc-42b6-8dc9-ac3268362171,
95a8e316349072025e8d278a18b3bafb,BANCA,TRANSF. INTERBANCARIA A SOTOMAYOR NOBOA MARIA GABRIELA,Alimentación,Almuerzo,Necesidad,False,---,False,,7.0,True,,,005ebc61-3bf6-464e-b326-a180ac27b3a5,,8742d56b-9583-4c52-8d2a-f0d7b15db287,,
f1a88076b17daa5a8329ac9028c837e3,BANCA,TRANSF. INTERBANCARIA A SOTOMAYOR NOBOA MARIA GABRIELA,Alimentación,Almuerzo,Necesidad,False,---,False,,7.0,True,,,005ebc61-3bf6-464e-b326-a180ac27b3a5,,8742d56b-9583-4c52-8d2a-f0d7b15db287,,
6c17355a611f4989729a7319d976cdfc,BANCA,TRANSF. INTERBANCARIA A SOTOMAYOR NOBOA MARIA GABRIELA,Alimentación,Almuerzo,Necesidad,False,---,False,,7.0,True,,,005ebc61-3bf6-464e-b326-a180ac27b3a5,,8742d56b-9583-4c52-8d2a-f0d7b15db287,,
5a2b53cee6839cab951451ff0ab4a6ba,TARJETA,Uber,Subscripciones,,Deseo,False,Familia,True,Madre,0.0,True,,,ad39b81c-9489-494e-a1fc-37eec84bda08,,,f48a4a0b-aec6-4d54-b1e9-04e16db1d117,
cc934fef0fd386dab99944dd3f482749,TARJETA,Uber,Subscripciones,,Deseo,False,Familia,True,Madre,0.0,True,,,ad39b81c-9489-494e-a1fc-37eec84bda08,,,f48a4a0b-aec6-4d54-b1e9-04e16db1d117,
7f042e52e204684fc6876a216aa2f0f6,BANCA,TRANSF. DEUNA A BOLANOSYHOLGUIN S A S BOLANOSYHOLGUIN S A S,Alimentación,Almuerzo,Deseo,False,---,False,,7.0,True,Top Ten,,,,8742d56b-9583-4c52-8d2a-f0d7b15db287,,
77a2b753e8bf56317dd46b687f6ce854,BANCA,Almuerzo Simon,Alimentación,Almuerzo,Necesidad,False,---,False,,7.0,True,,,,,8742d56b-9583-4c52-8d2a-f0d7b15db287,,
3e3dbbfd947d1e0c77f8289d5f09ec78,TARJETA,Autoservipampa,Transporte,Gasolina,Necesidad,False,---,False,,5.0,True,,,c4b40377-0db1-4b74-8dea-0adae9c29b36,,,,
c15f5cb33094c4e93b6425cc044b4162,TARJETA,Autoservipampa,Transporte,Gasolina,Necesidad,False,---,False,,5.0,True,,,c4b40377-0db1-4b74-8dea-0adae9c29b36,,,,
534c5ebb64a819ef262d4302f04fdebc,TARJETA,Autoservipampa,Transporte,Gasolina,Necesidad,False,---,False,,5.0,True,,,c4b40377-0db1-4b74-8dea-0adae9c29b36,,,,
de7637edef99214cdac8d50f6892a5eb,BANCA,TRANSF. DEUNA A MIGUEL ANGEL PAEZ NARANJO,Alimentación,Almuerzo,Necesidad,False,---,False,,5.0,True,Creo que fueron las hamburguesas,,dada0919-97e8-4dff-84d4-b18348e05128,,8742d56b-9583-4c52-8d2a-f0d7b15db287,,
c64f2039e5320cdef04812678722ce1c,BANCA,TRANSF. DEUNA A MIGUEL ANGEL PAEZ NARANJO,Alimentación,Almuerzo,Necesidad,False,---,False,,5.0,True,Creo que fueron las hamburguesas,,dada0919-97e8-4dff-84d4-b18348e05128,,8742d56b-9583-4c52-8d2a-f0d7b15db287,,
6c8e9822e316daa13e352f0fc71a9479,TARJETA,Uber,Alimentación,Almuerzo,Necesidad,False,---,False,,7.0,True,,,98a894be-b949-496c-bae5-67570083d17e,,8742d56b-9583-4c52-8d2a-f0d7b15db287,,
3f8c88d41159e988ff744c677a2acba9,TARJETA,Uber,Alimentación,Almuerzo,Necesidad,False,---,False,,7.0,True,,,98a894be-b949-496c-bae5-67570083d17e,,8742d56b-9583-4c52-8d2a-f0d7b15db287,,
df7cadd891f7ace16a3ec9bff84b9e61,BANCA,TRANSF. DIRECTA A FOUNES PINTO GIOVANNY FRANCISCO,Ocio,Trago,Deseo,False,---,False,,7.0,True,JUngle y trago,,c4d849a1-fff2-4c68-a0c9-523aaebd67bd,,,,
f848f479f8cfe67878fd36d32874b73d,BANCA,TRANSF. DIRECTA A FOUNES PINTO GIOVANNY FRANCISCO,Ocio,Trago,Deseo,False,---,False,,7.0,True,JUngle y trago,,c4d849a1-fff2-4c68-a0c9-523aaebd67bd,,,,
75b4ff3713cb3cc635c165c38f849189,BANCA,TRANSF. DIRECTA A FOUNES PINTO GIOVANNY FRANCISCO,Ocio,Trago,Deseo,False,---,False,,7.0,True,JUngle y trago,,c4d849a1-fff2-4c68-a0c9-523aaebd67bd,,,,
748e65e2af4b49fe5d35e25f2d39f937,BANCA,TRANSF. DIRECTA A FOUNES PINTO GIOVANNY FRANCISCO,Ocio,Trago,Deseo,False,---,False,,7.0,True,JUngle y trago,,c4d849a1-fff2-4c68-a0c9-523aaebd67bd,,,,
ca1401fb55f96a773008e5b41fb58436,BANCA,Transf. Deuna A Agromiro Ec S A Agromiro Ec,Alimentación,Almuerzo,Necesidad,False,---,False,,0.0,True,,,,,8742d56b-9583-4c52-8d2a-f0d7b15db287,,
23c80f37805a93f8fa624191652628dc,TARJETA,Uber,Subscripciones,Almuerzo,Deseo,False,Yo,True,Madre,0.0,True,Almuerzo sabado. Creo que no estaban,,1705f56f-0ee4-406e-8e49-cc6de815dbd6,,,e35faa04-0559-484c-ba59-6ff6a9459a65,
56c993eaa4682623c6a3be6e7dbbd329,TARJETA,Uber,Subscripciones,Almuerzo,Deseo,False,Yo,True,Madre,0.0,True,Almuerzo sabado. Creo que no estaban,,1705f56f-0ee4-406e-8e49-cc6de815dbd6,,,e35faa04-0559-484c-ba59-6ff6a9459a65,
3269d5975e8e23fe47317d2c82697ce9,BANCA,Almuerzo Simon,Alimentación,Almuerzo,Necesidad,False,---,False,,7.0,True,,,,,8742d56b-9583-4c52-8d2a-f0d7b15db287,,
52f5bf861287ed3f2c881048704be86f,BANCA,,,,,,,,,,,,,,,,,
623863d65de606dbd6353c1620dd0a18,BANCA,Madre,Mensual,Mensual_Comida,Necesidad,False,---,False,,0.0,True,,35d7b289-31c7-450c-9381-cda06fb6dc68,,60.0,8742d56b-9583-4c52-8d2a-f0d7b15db287,,
623863d65de606dbd6353c1620dd0a18,BANCA,,Mensual,Mensual_Gasolina,Necesidad,False,---,False,,0.0,True,,dd23d05f-b721-4e30-8b4f-61786e2f6524,,40.0,9fd02acc-e6a0-4596-ae82-5cc9f83c6b94,,
a7fa66a1df6bd15cc53331e5fbf87a41,BANCA,2510271XGVNA-MASTE BP-REC-54660500045502,Inversion,,---,False,---,False,,0.0,True,,,,,,,
c928120871ed30775e76a83b414b7270,BANCA,2509221XGVNA-MASTE BP-REC-22306700007562,Tarjeta,,---,False,---,False,,0.0,True,,,,,,,
2c3ddc7fb1e5e3a60c2a8ea2a40c5a87,BANCA,2507211XGVNA-MASTE BP-REC-22306700007562,Tarjeta,,---,False,---,False,,0.0,True,,,,,,,
018fc4570ac077ffc0a7161843eda318,BANCA,14385203-MASTERCARD     -RA-223067000075,Tarjeta,,---,False,---,False,,0.0,True,,,,,,,
2d3b98928320cb4d94ba1382cc448adf,BANCA,13619132-MASTERCARD     -RA-223067000075,Tarjeta,,---,False,---,False,,0.0,True,,,,,,,
ec469ae6a48ace119b4a9996e3ff5375,BANCA,13426655-MASTERCARD     -RA-546605000455,Inversion,,---,False,---,False,,0.0,True,,,,,,,
7fd1f3b526df1049cf3c049edcb75e5f,BANCA,TRANSF. DEUNA A HERNAN DARIO RAMOS VILLARREAL,Aseo,Corte,---,True,Yo,True,Madre,7.0,True,,,,,,,
9cf1a014bfb62e36d6b8a5c511dd6200,TARJETA,MICROSOFT*STORE M CONSUMO USA,Ocio,,---,False,Familia,True,Ñaña,0.0,True,,,,,,2a23f10e-6317-4414-8ce8-8a1a5357657e,
5f97a11badcc340d3d2ced1e19416c7d,TARJETA,Fybeca                  Q,Salud,gotas,Necesidad,False,---,False,,0.0,True,,,,,,,
08e309cc4606ddee639a2557d54a5333,BANCA,TRANSF. DIRECTA A PANILUISA CHICAIZA EDISON ORLANDO,Ocio,Trago,Deseo,False,---,False,,7.0,True,,,,,,,
3586b8f288b33139a160b89b8e95e4e9,BANCA,Almuerzo Simon,Alimentación,Almuerzo,Necesidad,False,---,False,,7.0,True,,,,,,,
c4592a88973a789c842dd533e77bd55b,BANCA,Almuerzo Simon,Alimentación,Almuerzo,Necesidad,False,---,False,,7.0,True,,,,,,,
75f96a86255f9fe9fbd892634fd8b5c7,TARJETA,RIO INTAG LA FLORESTA Q CONSUMO ECU,Alimentación,,Deseo,False,---,False,Ale,7.0,True,,eb7645e1-5c66-41e1-a525-0fac37dc17ee,,-15.8,,82ed98d5-a61b-43bf-953f-5433e39ac691,
75f96a86255f9fe9fbd892634fd8b5c7,TARJETA,RIO INTAG LA FLORESTA Q CONSUMO ECU,---,,Deseo,False,Amigo,True,Ale,0.0,True,,48669dac-09f3-4016-a799-00c4d6d819f8,,-15.0,,82ed98d5-a61b-43bf-953f-5433e39ac691,
5e1946928895527338914dd7921c4e3b,BANCA,TRANSF. DIRECTA DE ZAMBRANO ALEMAN CRISTOPHER,Deudas,,---,False,---,False,,0.0,True,,,,,,,
9010e69389fbc2e4048813da2d1e30ef,BANCA,TRANSF. DIRECTA A CHICAIZA ERAZO SEBASTIAN MATEO,Ocio,Trago,Deseo,False,---,False,,0.0,True,,,,,,,
7919a129ad0ffa3e030dc5d5f6212b18,BANCA,TRANSF. DIRECTA A JIMENEZ EGAS LEANDRO IVAN,Ocio,Trago,Deseo,False,---,False,,0.0,True,,,,,,,
9ba71ce4bb5ad730157fd937caea5586,TARJETA,Supermaxi,---,,---,False,Familia,True,Madre,0.0,True,,,,,,,
5c95c16395120def23a9354d46855f9c,TARJETA,MEDICITY LA PAMPA Q CONSUMO ECU,Salud,,Necesidad,False,Yo,True,Madre,0.0,True,,,,,,,
e043ac96b5f0060dbc0f16de2032c795,BANCA,TRANSF. DEUNA A SUSANA VALLA TENESACA,Ocio,Trago,Deseo,False,---,False,,7.0,True,,,,,,,
02dfc498623d26501d1c3444e075db0d,BANCA,TRANSF. DIRECTA A SANABRIA PRADO BETSY MISHELL,Ocio,Trago,Deseo,False,---,False,,7.0,True,,,,,,,
a8552b34c5fa49c8c614b1839d618236,TARJETA,Uber,Transporte,,Deseo,False,---,False,,7.0,True,Uber para ir a la pradera con amigos u,,,,,,
cfeec9bc93d0ad00da0e41e25c5ec2a9,BANCA,Don Carbon,Alimentación,Almuerzo,Necesidad,False,---,False,,0.0,True,,,,,,,
209fc42cc93f3e0f143fad5ce0baab48,BANCA,Don Carbon,Alimentación,Almuerzo,Necesidad,False,---,False,,0.0,True,,,,,,,
661ff63d2fe134a4d2fb9bb66213ad5e,BANCA,Poliburger,Alimentación,Almuerzo,Necesidad,False,---,False,,6.0,True,,,,,,,
af86ad11aee06069213727f811fde3b8,BANCA,Poliburger,Alimentación,Almuerzo,Necesidad,False,---,False,,6.0,True,,,,,,,
8505735f7a9d7a41a03394687f5f20ad,BANCA,Poliburger,Alimentación,Almuerzo,Necesidad,False,---,False,,0.0,True,,,,,,,
64b099ca57bab1d855ad59ed07e9ad97,BANCA,TRANSF. DIRECTA A VALLEJO TRUJILLO JANETH ESTHER,Alimentación,Almuerzo,Necesidad,False,---,False,,6.0,True,,,,,,,
2fca8657d0a927fb4c0170fc810600a0,BANCA,Parqueadero U,Transporte,Parqueadero,Necesidad,True,---,False,,0.0,True,,,,,e5988525-9016-4714-a260-2a0d313d384d,,
d3b97aa9ac481dba58528671cf0bb93e,BANCA,Madre,Mensual,"Mensual, Mensual_Comida",---,False,---,False,,0.0,True,,38739eb0-33ba-4593-85ff-08e21d8aa326,,110.0,,,
d3b97aa9ac481dba58528671cf0bb93e,BANCA,Madre,Mensual,"Gasolina, Mensual_Gasolina",---,False,---,False,,0.0,True,,8bb19358-eb30-45b0-9c01-f6a1abeaf9f8,,70.0,9fd02acc-e6a0-4596-ae82-5cc9f83c6b94,,
05d2d7eaaa55900a1df15f8d0c6e4aa7,TARJETA,GASOLINERA LOS ALAMOS   Q,---,,---,False,---,True,Madre,0.0,True,,,,,,134bc641-02b5-4cfd-88e0-d43c949d0af1,
02ba82f19ea42e6ccee8dea2bd0687e0,BANCA,TRANSF. DIRECTA A PAZMIÑO  ESTRADA MAURICIO VICENTE,Transporte,,---,False,---,True,Madre,0.0,True,,,,,,9de3696f-ce74-4bfb-a7f0-85cd9c8d89bc,
18f3c52bb0d365da42a5acb889bfe3b7,BANCA,Madre,Mensual,Mensual_Comida,---,False,---,False,,0.0,True,,,,,,,
78f4866469eaeacd5f006625bc962d93,BANCA,Madre,Mensual,Mensual_Gasolina,Necesidad,False,---,False,,0.0,True,,,,,9fd02acc-e6a0-4596-ae82-5cc9f83c6b94,,
7c9f13c9f6c16f10398a413f7f0a4eb5,TARJETA,GASOLINERA  LOS PINOS   E,Transporte,Gasolina,Necesidad,False,---,False,,0.0,True,,,,,,,
378b19322107af9fc5fa628eb87422d4,BANCA,Orense,Alimentación,,Necesidad,False,---,False,,0.0,True,,af12c03b-8858-443d-a05a-ba8d5e961a5e,,3.0,,,
378b19322107af9fc5fa628eb87422d4,BANCA,Orense,Mujeres,Renata,Deseo,False,---,False,,0.0,True,,4a3a3b3e-e366-4261-8572-3283bfe70d20,,3.0,,,
121427db0865ae9877d30847b03486f2,BANCA,Madre,Mensual,"Mensual_Gasolina, Gasolina",---,False,---,False,,0.0,True,,79169e46-4273-418a-a3da-9a79940b993f,,85.0,,,
121427db0865ae9877d30847b03486f2,BANCA,Madre,Mensual,Parqueadero,---,False,---,False,,0.0,True,,e6214fc3-b4d2-498f-b89e-8b616efa08ed,,40.0,,,
e4d35ec6d3fa3ff8e022ae12fec25994,TARJETA,Uber,Alimentación,,Deseo,False,Familia,True,Madre,6.0,True,,,a74f3518-e639-41e9-b1c9-c77e57feea1b,,,b095cd7d-1829-446f-aee8-ee735e455964,
95b227cada651b25d0ccd42ed8b598bd,TARJETA,Uber,Alimentación,,Deseo,False,Familia,True,Madre,6.0,True,,,a74f3518-e639-41e9-b1c9-c77e57feea1b,,,b095cd7d-1829-446f-aee8-ee735e455964,
c3608811e41a1d4ebc6927d6527ded65,TARJETA,Uber,Alimentación,Almuerzo,Necesidad,False,---,False,,7.0,True,,,daac2bcb-023c-4775-8df7-dc1f2e5a4291,,,,
d869567ba616a8291bf4e136c18a6cd4,TARJETA,Uber,Alimentación,Almuerzo,Necesidad,False,---,False,,7.0,True,,,daac2bcb-023c-4775-8df7-dc1f2e5a4291,,,,
12538de1dbeaff2ff5e956bd1c9c4fe4,TARJETA,Uber,Alimentación,Almuerzo,Necesidad,False,---,False,,6.0,True,,,fc0b7cc3-7820-4853-b242-2d8ea435d2f2,,,,
fde5072dbb474df65ec2761253cef36d,TARJETA,Uber,Alimentación,Almuerzo,Necesidad,False,---,False,,6.0,True,,,fc0b7cc3-7820-4853-b242-2d8ea435d2f2,,,,
a393e14faf276315bba7c3054f77412a,TARJETA,Uber,Alimentación,Almuerzo,Necesidad,False,---,False,,6.0,True,,,852e9831-e9d7-405d-b0d0-8a3337b48441,,,,
0b54b79d125ca9e26d7b2f49348c8459,TARJETA,Uber,Alimentación,Almuerzo,Necesidad,False,---,False,,6.0,True,,,852e9831-e9d7-405d-b0d0-8a3337b48441,,,,
8b98fd8735fbf34dd86889b59bc69bdd,TARJETA,LA PECADERIA USA Q CONSUMO ECU,Ocio,Trago,Deseo,False,---,False,,7.0,True,Lamborghini Trago en Shotme,,,,,,
834dd8dabe959d30ef8cae7e5d64045f,TARJETA,OBSIDIAN ECUECU O CONSUMO CAN,Subscripciones,,Deseo,False,---,False,,4.0,True,,,,,,,
cfa3675478f6b63fdf28af8aa2a0e148,TARJETA,Supermaxi,---,,---,False,Gustavito David,True,Gustavito David,0.0,True,,158835ee-0c18-49bd-a50b-95280ac7a5e0,,-15.12,,c7dc7926-4199-4be2-a9b9-e690d91ec836,
cfa3675478f6b63fdf28af8aa2a0e148,TARJETA,Supermaxi,Deudas,,---,False,Alejo,True,Alejo,0.0,True,Trago tumbaco,0098959e-79be-4ec8-9a4b-a4227ea49a21,,-8.0,,bda12ec6-bb3f-4eb0-836a-8d35b96bb9ca,
cfa3675478f6b63fdf28af8aa2a0e148,TARJETA,,Ocio,Trago,Deseo,False,---,False,,7.0,True,,dd582ab4-e4ab-4c5e-86d3-29832130d90e,,-14.0,,,
395c31e5a3b0f6df93d85d49b2d97225,BANCA,TRANSF. DIRECTA A GUEVARA OLMEDO MATEO NICOLAS,Ocio,"Trago, Discoteca",Deseo,False,---,False,,8.0,True,Katari fin semestre,,,,,,
9f46d7db21c0402317e34634b5c7b4ef,BANCA,TRANSF. DIRECTA A CHICAIZA ERAZO SEBASTIAN MATEO,Ocio,Trago,Deseo,False,---,False,,6.0,True,,,,,,,
b71c70c29f074d03f79c9f97ab76795f,BANCA,TRANSF. DIRECTA A OÑA LEDESMA PATRICIO NICOLAS,Alimentación,Merienda,Necesidad,False,---,False,,7.0,True,Hamburguesas,,5a2c20cc-c340-4f43-8cf1-010c868096d5,,,,
ec0729c7124161f8cc110ea85323f458,BANCA,TRANSF. DIRECTA A OÑA LEDESMA PATRICIO NICOLAS,Alimentación,Merienda,Necesidad,False,---,False,,7.0,True,Hamburguesas,,5a2c20cc-c340-4f43-8cf1-010c868096d5,,,,
4f85992804dac908d035a4f606ac3c53,BANCA,TRANSF. DEUNA A XIMENA PATRICIA HARO ORTEGA,Ocio,Trago,Deseo,False,---,False,,7.0,True,Ron para fiesta rubia,,,,,,
30d966aa6386ce3f04b184cd7623905d,TARJETA,Uber,Alimentación,Almuerzo,Deseo,False,---,False,,7.0,True,,,f5afdc1f-0017-4cf4-9ba6-a004bfa64233,,,,
e6bb42446d9f80c41f6885538016891e,TARJETA,Uber,Alimentación,Almuerzo,Deseo,False,---,False,,7.0,True,,,f5afdc1f-0017-4cf4-9ba6-a004bfa64233,,,,
cf9de1a2e971ec45df0bb07c5d03b386,TARJETA,Subcripcion Uber,Alimentación,Almuerzo,Necesidad,False,---,False,,6.0,True,,,6a89ed43-c57d-44ad-bc92-70b302ef9f0c,,,,
e02a74b5a0c302546a2746aef28aed71,TARJETA,Subcripcion Uber,Alimentación,Almuerzo,Necesidad,False,---,False,,6.0,True,,,6a89ed43-c57d-44ad-bc92-70b302ef9f0c,,,,
6d46101a9acb374eef18f0ad8409c93d,BANCA,Almuerzo Simon,Alimentación,Almuerzo,Necesidad,False,---,False,,6.0,True,,,,,,,
0db6e9f6800cca031c5072ef1e2701c4,BANCA,Almuerzo Simon,Alimentación,Almuerzo,Necesidad,False,---,False,,7.0,True,,,,,,,
907fe94a2ce4bbfcb8afafc7872664e5,TARJETA,METROPARQUEOS E CONSUMO ECU,Transporte,Parqueadero,Deseo,False,---,False,,5.0,True,,,,,,,
ff04cbd425b689c587aeb551cd9ad5a1,TARJETA,CAPITAL PIZZA BY FOODS Q CONSUMO ECU,Alimentación,Almuerzo,Deseo,False,---,False,,7.0,True,Final Mundial,,11bce2c7-fed8-446e-95cd-4720f6fc993c,,,,
2018926f7db3a6fcbba5c037098a1e5e,TARJETA,CAPITAL PIZZA BY FOODS Q CONSUMO ECU,Alimentación,Almuerzo,Deseo,False,---,False,,7.0,True,Final Mundial,,11bce2c7-fed8-446e-95cd-4720f6fc993c,,,,
da884c63941c5e899dec1b6689ac60fc,BANCA,Madre,Deudas,,---,False,---,False,,0.0,True,,,,,,,
7c421bdbd1a60bb675917f2d33d7b151,BANCA,Almuerzo Simon,Alimentación,Almuerzo,Necesidad,False,---,False,,7.0,True,,,,,,,
a496491a4002175b773e9f468de83c52,BANCA,TRANSF. DEUNA A CARMEN OLIMPIA AULES CHINCHERO,Ocio,Trago,Deseo,False,---,False,,7.0,True,,,,,,,
800d3b0eee05b81e3e8a0e32ba33c99e,BANCA,TRANSF. DIRECTA A IDROVO ZAMBRANO NATALIA ALEXANDRA,Ocio,Trago,Deseo,False,---,False,,6.0,True,Final Mudial,,,,,,
ffd128739a7aebb21c8e21ab5c33cc49,BANCA,TRANSF. DIRECTA A PANILUISA CHICAIZA EDISON ORLANDO,Alimentación,Pan,---,False,Madre,True,Madre,0.0,True,,,,,,3a34c50c-8983-4581-8120-65f56b3a9cc1,
30206d562bd2d6976d44ef215f4f98fe,BANCA,Almuerzo Simon,Alimentación,Almuerzo,Necesidad,False,---,False,,6.0,True,,,,,,,
c3388deb8ae628005adca96b848c7d9d,BANCA,Pago Tarjeta Principal,Tarjeta,Tarjeta,---,False,---,False,,0.0,True,,,,,,,
58aa2d4bb450f50895d0120ed61440ee,BANCA,Almuerzo Simon,Alimentación,Almuerzo,Necesidad,False,---,False,,7.0,True,,99d3788c-a47d-4cf9-b83f-758cd5ec0f81,,-4.0,,,
58aa2d4bb450f50895d0120ed61440ee,BANCA,,Alimentación,Merienda,---,False,Familia,True,Madre,0.0,True,Merienda de lso dos,8a504685-f555-4d14-a73b-26f2c3519c2d,,-4.0,,185fcb6f-2adc-4fdc-970c-fffed2442d7a,
6ea34dac0596a8382a24de7cb93ca8bc,TARJETA,MICROSOFT*PC GAME PASS M CONSUMO USA,Ocio,Videojuegos,Deseo,False,---,False,,8.0,True,,,e07e21d5-b673-44a0-ae85-f61e1c9566fc,,,,
4d29983e567ec54eb2a203d95adc91c5,TARJETA,MICROSOFT*PC GAME PASS M CONSUMO USA,Ocio,Videojuegos,Deseo,False,---,False,,8.0,True,,,e07e21d5-b673-44a0-ae85-f61e1c9566fc,,,,
4bcdddfc88b214eb5427b7061f255653,BANCA,TRANSF. DEUNA A CHRISTIAN ROBERTO FALCONI ARMAS,Ocio,Trago,Deseo,False,---,False,,7.0,True,,,c57b1246-2f32-400c-ae00-7b3f24480407,,,,
40813715a0c46f49b8b3eb183fcb29a6,BANCA,TRANSF. DEUNA A CHRISTIAN ROBERTO FALCONI ARMAS,Ocio,Trago,Deseo,False,---,False,,7.0,True,,,c57b1246-2f32-400c-ae00-7b3f24480407,,,,
b7334404131d5131176a5517e98d8f5c,BANCA,Almuerzo Simon,Alimentación,Almuerzo,Necesidad,False,---,False,,7.0,True,,551321c5-34ab-410a-97fd-68a5e7849b33,,-4.0,,,
b7334404131d5131176a5517e98d8f5c,BANCA,,Alimentación,Merienda,---,False,Familia,True,Madre,7.0,True,,6a0c0e15-e5ed-4038-97d0-20a73f2c1db7,,-4.0,,a2111283-b628-4660-8247-32bd185082eb,
e680da8d8a32b3b5185a0dd3e3382add,TARJETA,Uber,Alimentación,Almuerzo,Necesidad,False,---,False,,7.0,True,,,9157c2c4-ac5c-45ea-9551-01658399b9c7,,,,
69be4548a88d017084798660e4176993,TARJETA,Uber,Alimentación,Almuerzo,Necesidad,False,---,False,,7.0,True,,,9157c2c4-ac5c-45ea-9551-01658399b9c7,,,,
e2ced640c542b0a06ef5010d5a702d35,BANCA,Inversion,Inversion,Inversion,---,False,---,False,,0.0,True,,,,,,,
eb4202115378e3b592b94ec9542279c5,BANCA,REGULARIZACIÓN DE TRANSACCIÓN,Inversion,Inversion,---,False,---,False,,0.0,True,,,,,,,
8998f5c9c873d94949f021f224ab7106,BANCA,RETENCION RENDIMIENTO FINANCIERO,Inversion,,---,False,---,False,,0.0,True,,,,,,,
d7c4d79254ee92a72f0f2b9bb8ac28b7,TARJETA,Uber,Alimentación,Almuerzo,Necesidad,False,---,False,,7.0,True,,,9c4cfa2e-7a5c-48df-bb84-c63c2d330dc2,,,,
6c29d3fb352a30d1fd7b7ad4b355ff90,TARJETA,Uber,Alimentación,Almuerzo,Necesidad,False,---,False,,7.0,True,,,9c4cfa2e-7a5c-48df-bb84-c63c2d330dc2,,,,
5a84434d4b0dab1756e89e6f37d34be5,TARJETA,ANTHROPIC* CLAUDE SUB S CONSUMO USA,Subscripciones,,Deseo,False,---,False,,8.0,True,,,0b1d19c3-7cf6-4957-8edf-b5d66c87c150,,,,
8a47c8d51b5b26b8525a84aaea1c38d7,TARJETA,ANTHROPIC* CLAUDE SUB S CONSUMO USA,Subscripciones,,Deseo,False,---,False,,8.0,True,,,0b1d19c3-7cf6-4957-8edf-b5d66c87c150,,,,
6d16e9a94eef507b24ab8cfb863dec1c,BANCA,Almuerzo Simon,Alimentación,Almuerzo,Necesidad,False,---,False,,6.0,True,,,,,,,
2f86c7616c75f7b65b7053c71e5633d3,BANCA,Almuerzo Simon,Alimentación,Almuerzo,Necesidad,False,---,False,,7.0,True,,,,,,,
f50d3ad164e2b3c192ccdae5e573e699,TARJETA,Uber,Alimentación,Almuerzo,Necesidad,False,---,False,,7.0,True,,,56e239cc-9811-43fb-9e95-35bb3fc5788f,,,,
26e2d83a51ce114c5e316cf9352b3413,TARJETA,Uber,Alimentación,Almuerzo,Necesidad,False,---,False,,7.0,True,,,56e239cc-9811-43fb-9e95-35bb3fc5788f,,,,
47fc806546bc3a7e3add6db606e8c1cc,TARJETA,Uber,Subscripciones,,Deseo,False,---,False,,0.0,True,,,299364fa-3096-4776-9d40-a2424432293b,,,,
91f2f39283194b5a0e22b3f13b5b23da,TARJETA,Uber,Subscripciones,,Deseo,False,---,False,,0.0,True,,,299364fa-3096-4776-9d40-a2424432293b,,,,
abd7aac0e622e75a0d015e2308e4f143,TARJETA,Autoservipampa,Transporte,Gasolina,Necesidad,False,---,False,,0.0,True,,,d209096f-c302-4e24-8b11-0f2b643d60aa,,,,
769bf3e556e6f9043d61a30dfaaede57,TARJETA,Autoservipampa,Transporte,Gasolina,Necesidad,False,---,False,,0.0,True,,,d209096f-c302-4e24-8b11-0f2b643d60aa,,,,
c6fde4612462e3ea2c49a831208616bd,TARJETA,Autoservipampa,Transporte,Gasolina,Necesidad,False,---,False,,0.0,True,,,d209096f-c302-4e24-8b11-0f2b643d60aa,,,,
ecd57e1d8c81e9d7f057c6a89b772e5f,BANCA,TRANSF. DIRECTA A VERKADE MONTIEL DOMINIQUE LOURDES,Alimentación,Almuerzo,Necesidad,False,---,False,,7.0,True,,,,,,,
938fde9087645aebb42d3ebcb2e9723d,TARJETA,W BAR RESTAURANTE MONK E CONSUMO ECU,Ocio,"Trago, Discoteca",Deseo,False,---,False,,8.0,True,,7e8d26d9-05ee-4fff-a9d7-5dd68cc70859,,-28.0,,,
938fde9087645aebb42d3ebcb2e9723d,TARJETA,,Deudas,,---,False,Otro,True,Otro,0.0,True,,f5e1cfc1-b3b6-4b31-8837-ae367d40387c,,-56.0,,50b10e4a-d262-45e4-9521-3a81b49e1c4e,
fdaac36f3c08c457762512ef12cf8c5e,BANCA,TRANSF. INTERBANCARIA DE DANIEL ORLANDO GALLARDO PINEDA,Deudas,,---,False,---,False,,0.0,True,,,9a2cd908-c314-44e4-9561-684ee51db7e0,,,,
f497162c3840d36245146ea55169f13d,BANCA,TRANSF. INTERBANCARIA DE DANIEL ORLANDO GALLARDO PINEDA,Deudas,,---,False,---,False,,0.0,True,,,9a2cd908-c314-44e4-9561-684ee51db7e0,,,,
51c132f230bb357db038046da3788190,BANCA,TRANSF. INTERBANCARIA DE DANIEL ORLANDO GALLARDO PINEDA,Deudas,,---,False,---,False,,0.0,True,,,9a2cd908-c314-44e4-9561-684ee51db7e0,,,,
c963773b50f0c15ab15da7cc398478b8,BANCA,TRANSF. INTERBANCARIA DE DANIEL ORLANDO GALLARDO PINEDA,Deudas,,---,False,---,False,,0.0,True,,,9a2cd908-c314-44e4-9561-684ee51db7e0,,,,
dc60ef329307d5b9ad25d139d292abfa,BANCA,TRANSF. INTERBANCARIA DE DANIEL ORLANDO GALLARDO PINEDA,Deudas,,---,False,---,False,,0.0,True,,,9a2cd908-c314-44e4-9561-684ee51db7e0,,,,
a980dc2e59b23aac609a49a9dce00478,BANCA,TRANSF. INTERBANCARIA DE DANIEL ORLANDO GALLARDO PINEDA,Deudas,,---,False,---,False,,0.0,True,,,9a2cd908-c314-44e4-9561-684ee51db7e0,,,,
bfc29c9ca7bf0b9f6f8a72e690c95b8c,BANCA,TRANSF. DEUNA A MULTICINES S A MULTICINES,Ocio,"Cine, Dome",Deseo,False,---,False,,8.0,True,,,,,,,
980544fa58bf7d3e3932cf3ef9822d5a,TARJETA,CAJUN J012 RECREO Q CONSUMO ECU,Alimentación,"Almuerzo, Dome",Necesidad,False,---,False,,7.0,True,,,,,,,
23b9b7fe02705378936d57172d89ca88,TARJETA,PARKING RECREOCU Q CONSUMO ECU,Transporte,"Parqueadero, Dome",Deseo,False,---,False,,7.0,True,,,,,,,
e31365b8d5f14c2b4c8b322190e274de,BANCA,TRANSF. DIRECTA A TOAPANTA TENORIO ERNESTO LEONIDAS,Deudas,,---,False,Madre,True,Madre,0.0,True,Llanta,,,,,80d557b1-7cd0-4b0c-acb0-4f4ae5477b97,
60506149eb888af307d9e4dcbafda758,BANCA,TRANSF. DEUNA A ROSA ELIZABETH JIMENEZ ARELLANO,Alimentación,Merienda,Necesidad,False,---,False,,7.0,True,,,,,,,
80b1ece640c46d73698b91d70f88fcf7,BANCA,TRANSF. DIRECTA A PAZMIÑO VALLEJO NORMA ISABEL,Deudas,,---,False,Normita,True,Normita,0.0,True,,,,,,30526b58-9b9b-46a4-aa77-d0bcdae9a905,
99178caa884b1e3e643aada7b03755ed,BANCA,TRANSF. DIRECTA A MEDINA AYALA VIOLETA ALEJANDRA,Viajes,"Viaje_RIO, Airbnb_Rio",---,False,---,False,,0.0,True,,,,,,,
191f7380632d7bc32ad6b56a359a0798,TARJETA,AIRALO ECUECU A CONSUMO NLD,Viajes,Viaje_RIO,---,False,---,True,Madre,0.0,True,Esim,,a0d11b7d-65de-40a9-aed1-b55bfc2d5452,,,8d08e27f-5dc7-41bf-b9b5-b1ebaa8dc840,
c4d4a573e09def3e45d670d0c31ea545,TARJETA,AIRALO ECUECU A CONSUMO NLD,Viajes,Viaje_RIO,---,False,---,True,Madre,0.0,True,Esim,,a0d11b7d-65de-40a9-aed1-b55bfc2d5452,,,8d08e27f-5dc7-41bf-b9b5-b1ebaa8dc840,
02e3edd6155f37014d17fc08d4829ed8,TARJETA,LIMA AIRPORT PARTNERS C CONSUMO PER,Viajes,Viaje_RIO,Deseo,False,---,False,,0.0,True,Lima Tasa Interconexion,,,,,,
ee99f8b025888c58d4a7c7307e164280,BANCA,TRANSF. DIRECTA DE VERKADE MONTIEL DOMINIQUE LOURDES,Viajes,"Viaje_RIO, Airbnb_Rio",Deseo,False,---,True,rubia,0.0,True,,,,,,c2930572-f831-4e19-8494-820c2d031702,
1e1665cdcab2c990c8692d58173811d7,BANCA,Certificado De Deposito,Inversion,,---,False,---,False,,0.0,True,,,,,,,
676d32e314370f76b33d6daae302efd3,BANCA,Hermana,Regalo,,Deseo,True,---,False,,0.0,True,Regalo de Viaje,,,,,,
ebd56b6abff4bf46e95f65045d1896ab,TARJETA,GRAN COFFEE*VMT*GRAN C C CONSUMO BRA,Alimentación,Viaje_RIO,Necesidad,False,---,False,,0.0,True,Aguas Aeropuerto,,398cadb1-3470-4d2a-a1c7-f192656feb90,,,,
833c597f36935d3d7d8f86e72b56344d,TARJETA,GRAN COFFEE*VMT*GRAN C C CONSUMO BRA,Alimentación,Viaje_RIO,Necesidad,False,---,False,,0.0,True,Aguas Aeropuerto,,398cadb1-3470-4d2a-a1c7-f192656feb90,,,,
42da960e7d858169a5446a8746d0c095,TARJETA,GRAN COFFEE*VMT*GRAN C C CONSUMO BRA,Alimentación,Viaje_RIO,Necesidad,False,---,False,,0.0,True,Aguas Aeropuerto,,398cadb1-3470-4d2a-a1c7-f192656feb90,,,,
1ba16da028009a1cee3af8e15b4c6135,TARJETA,PURA BRASARJ BRA R CONSUMO BRA,Alimentación,"Almuerzo, Viaje_RIO",Deseo,False,---,False,,0.0,True,,,,,,,
2cc31b5d1f1d9c9eb529d9497a11cf6e,BANCA,TRANSF. DIRECTA DE VERKADE MONTIEL DOMINIQUE LOURDES,Deudas,,---,False,---,True,rubia,0.0,True,,,dea448ad-91df-4616-80a1-f8a8dd355808,,,,46372697-22fe-46cd-8854-8200727ae415
29696b7a95dc246dc473c9c3fb774a1f,TARJETA,BELAV RIOS BUFFET PIZZ R CONSUMO BRA,Alimentación,"Viaje_RIO, Almuerzo",Necesidad,False,---,False,,0.0,True,,,ee3e0110-b132-4277-8fd8-8dccf516d198,,,,
41d4fb5f346bf8e90cb8d82b55a2ec53,TARJETA,BELAV RIOS BUFFET PIZZ R CONSUMO BRA,Alimentación,"Viaje_RIO, Almuerzo",Necesidad,False,---,False,,0.0,True,,,ee3e0110-b132-4277-8fd8-8dccf516d198,,,,
4757a9ee0cd6466178b5b5060be22227,TARJETA,MP *HLAACESSORIOS R CONSUMO BRA,Regalo,Viaje_RIO,Deseo,False,---,False,,0.0,True,,,,,,,
9936ab8ae010bfe641088112d73878f7,TARJETA,SantiagoRaulTuque R CONSUMO BRA,Regalo,Viaje_RIO,Deseo,False,---,True,Ñaña,0.0,True,Creo que camiseta,,,,,e8cd7a68-75ef-4cd9-972c-92cebb338b97,
8d6e1553c736708010133edaec657d9d,TARJETA,MAPA RIO BRABRA V CONSUMO BRA,Viajes,Viaje_RIO,Deseo,False,---,False,,0.0,True,,,,,,,
451552f655d7085a2c5f70847b7a9741,TARJETA,METRO RJ BRABRA R CONSUMO BRA,Transporte,Viaje_RIO,Deseo,False,---,False,,0.0,True,,,,,,,
220c1758f81b6cbf0a0c03fd3801eb07,TARJETA,CONFEITARIA COLOMBO LT R CONSUMO BRA,Alimentación,"Desayuno, Viaje_RIO",Deseo,False,---,False,,0.0,True,,,,,,,
20edf7855edddbbc84f84315fe447cbc,TARJETA,TONGDA COMERCIO DE ART R CONSUMO BRA,Viajes,Viaje_RIO,Deseo,False,---,False,,0.0,True,Creo que fue el enchufe,,,,,,
ea6e4c1ed6a3538ae393f8ef3e22aff7,TARJETA,VIA CURTUME ALRA R CONSUMO BRA,Deudas,,---,False,---,True,Ale,0.0,True,,,dec56ebd-4dd1-4c8e-b9dc-6456ff03a32f,,,,e85f0610-cd9d-4c9d-9a04-162898ace062
fca4e700c0ffef8913831c95b05f6d87,BANCA,VIA CURTUME ALRA R CONSUMO BRA,Deudas,,---,False,---,True,Ale,0.0,True,,,dec56ebd-4dd1-4c8e-b9dc-6456ff03a32f,,,,e85f0610-cd9d-4c9d-9a04-162898ace062
f39e96c37af15595433630d83907fc2b,TARJETA,DethiediopBRABRA R CONSUMO BRA,Ropa,Viaje_RIO,Deseo,False,---,False,,0.0,True,Gafas,,,,,,
10445d2d78cc591fbdd8b69edecdb146,TARJETA,ALMENDRA B E R LTDA R CONSUMO BRA,Alimentación,"Viaje_RIO, Almuerzo",Necesidad,False,---,False,,0.0,True,,,,,,,
5ea93115aca28e3bd1467145f2ce5836,TARJETA,HNA*OBOTICARIORA R CONSUMO BRA,Aseo,"Viaje_RIO, Perfume",Deseo,False,---,False,,7.0,True,Perfume,,,,,,
b725b2da852a7f4d2b40253b008d8788,TARJETA,ANTHROPIC* CLAUDE SUB S CONSUMO USA,Subscripciones,,---,False,---,False,,0.0,True,,,41243d30-0164-4ef8-9d03-06a6a3cbb0db,,,,
3535f926fc27fd3afd264a8e905a1d7a,TARJETA,ANTHROPIC* CLAUDE SUB S CONSUMO USA,Subscripciones,,---,False,---,False,,0.0,True,,,41243d30-0164-4ef8-9d03-06a6a3cbb0db,,,,
82ca07bda110dbabc3d18f60f6e1b1a5,TARJETA,NUSA CAFE BISTRO LTDA R CONSUMO BRA,Alimentación,"Viaje_RIO, Desayuno",Necesidad,False,---,False,,2.0,True,,,,,,,
a33da4edb36ad8246ef4d5575302f6fb,TARJETA,LEMBRANCAS TURRA R CONSUMO BRA,Regalo,Viaje_RIO,Deseo,False,---,False,,7.0,True,Imanes y demas,,,,,,
508d939392d60ef8941b0f2428d3bb7f,TARJETA,ArthurFabianoLima N CONSUMO BRA,Ropa,Viaje_RIO,Deseo,False,---,False,,0.0,True,Creo que gorras. Compre en la uruguaiana,,,,,,
6b3f340c51a129d35e907450f716a2f8,TARJETA,TendaCiganaJ BRA R CONSUMO BRA,Ropa,Viaje_RIO,Deseo,False,---,False,,0.0,True,Gorra creo,,,,,,
7b0ffefc1440a169801e9a9aad494968,TARJETA,BAR DO LEITE CENTRO R CONSUMO BRA,Alimentación,"Viaje_RIO, Almuerzo",Necesidad,False,---,False,,0.0,True,,,,,,,
7400ac69433a57a777430abc1eedb1b5,TARJETA,ALFA167 BIJOUTERIAS E R CONSUMO BRA,Regalo,Viaje_RIO,Deseo,False,---,False,,0.0,True,"Collares, pulseras del saara",,,,,,
4866e8d35776290a034ebe7da0968cd8,TARJETA,,Viajes,Viaje_RIO,Deseo,False,---,False,,9.0,True,,a2c15736-0488-4433-8724-d0e88acdf231,,-31.29,,,
4866e8d35776290a034ebe7da0968cd8,TARJETA,,Deudas,,---,False,---,True,Ale,0.0,True,,c9fde2a4-b70d-4f9e-81a1-7e4095a06557,,-31.29,,fec5c7e6-9bbb-4acc-a742-d3ab521527a7,
4866e8d35776290a034ebe7da0968cd8,TARJETA,,Deudas,,---,False,---,True,rubia,0.0,True,,944ed96c-eb35-41ea-854a-8589a164c736,,-31.31,,bb016368-0e59-444d-b135-5d2ecfd8b5eb,
742b25e79caf80f034e90f5331d8a80f,TARJETA,TERRACO CORCOVADO R CONSUMO BRA,Deudas,,---,False,---,True,Ale,0.0,True,,,,,,14294470-0388-4ddf-9e04-532e9f68c1cc,
4b869a1a98732f3b1f09747166187414,TARJETA,TERRACO CORCOVADO R CONSUMO BRA,Alimentación,"Viaje_RIO, Desayuno",Necesidad,False,---,False,,0.0,True,,,,,,,
d0b8db4a0d7e71327b98b97489730f63,TARJETA,MP *CARLINHOSPOINT R CONSUMO BRA,Viajes,Viaje_RIO,Deseo,False,---,False,,0.0,True,Creo que silla o algo de la playa,,,,,,
97f641470de4a01662426da4029e9439,TARJETA,ERREJOTA BROWNIE R CONSUMO BRA,Alimentación,Viaje_RIO,Deseo,False,---,False,,0.0,True,Algo de tomar en pao de azucar,,,,,,
284202fd538d08c3cc3ee9b47506ea0c,BANCA,ZONA SUL FL 40CU R CONSUMO BRA,Alimentación,Viaje_RIO,Deseo,False,---,True,rubia,0.0,True,,,49f76edb-120e-4152-bd44-4510da632d77,,,,d2abbfcf-5dfa-4a9c-bd2b-86a3e4b6a9a7
9b4142d8314f2b5605c67643868cd8f0,TARJETA,Foto,Deudas,,---,False,---,True,rubia,0.0,True,,1361f31e-6038-4906-b97f-447116f758e3,,-1.62,,eaa17b6c-3b4c-4782-b0fb-a5af5d6a213f,
9b4142d8314f2b5605c67643868cd8f0,TARJETA,TRANSF. DIRECTA DE VERKADE MONTIEL DOMINIQUE LOURDES,Deudas,,---,False,---,True,Ale,0.0,True,Fotos,b26df301-6873-4772-8c79-734a26f271bc,,-1.63,,abf3e5c3-fca1-4d24-b306-a395c8ca706f,
9b4142d8314f2b5605c67643868cd8f0,TARJETA,TRANSF. DIRECTA DE VERKADE MONTIEL DOMINIQUE LOURDES,Deudas,,---,False,---,False,,0.0,True,Foto,a2570488-96dc-4fa4-9fc6-c994bea17422,,-1.6399999999999997,,,
0d805adae56e27fed4a9081130a4d928,TARJETA,METRO RJ BRABRA R CONSUMO BRA,Transporte,Viaje_RIO,Deseo,False,---,False,,0.0,True,,,,,,,
460405f86225440756c7ca5e4c013b11,TARJETA,BONDINHO PAO DE ACUCAR R CONSUMO BRA,Transporte,Viaje_RIO,Deseo,False,---,False,,0.0,True,"Regreso, bajada del pan de azucar",,,,,,
f83c7ea8b64ea943dbb0c0307e82f25e,TARJETA,Mc,Alimentación,"Almuerzo, Viaje_RIO",---,False,---,False,,0.0,True,,1ee4dc6b-6d72-4ee5-90bb-29e8377b88e3,,-8.78,,,
f83c7ea8b64ea943dbb0c0307e82f25e,TARJETA,,Deudas,,---,False,rubia,True,rubia,0.0,True,,565519a5-174c-4944-9b8f-1afec71163e0,,-5.6000000002,,6c16ad68-0d80-4597-a496-da6f9182345e,
f83c7ea8b64ea943dbb0c0307e82f25e,TARJETA,,Deudas,,---,False,Ale,True,Ale,0.0,True,,0fd9fe01-88d4-44a8-ae5f-701bfa62e69c,,-2.4699999998000024,,271f2cb8-4ef4-4eca-96cc-d5ac19d37c85,
81c5ca8f7e687897f3244c3dfc44aa1e,TARJETA,MP *WELTONDUARTEC R CONSUMO BRA,Viajes,Viaje_RIO,Deseo,False,---,False,,8.0,True,Paddle por la manana,,,,,,
8909d72231659c7e4e36ff1d3b79bc3a,TARJETA,NUSA CAFE BISTRO LTDA R CONSUMO BRA,Alimentación,"Viaje_RIO, Desayuno",Necesidad,False,---,False,,0.0,True,,,,,,,
f7a8894015397577d6aa6c90ce51db22,TARJETA,JeffArtesaoJ BRA R CONSUMO BRA,Regalo,Viaje_RIO,Deseo,False,---,False,,0.0,True,,,,,,,
e51e217764a9774f8f6b24d80a6d831a,TARJETA,BELMONTE IPANEMA R CONSUMO BRA,Alimentación,"Viaje_RIO, Almuerzo",Necesidad,False,---,False,,0.0,True,,,,,,,
643856e0a3658fb369a67aba7e1a6782,TARJETA,Mc,Alimentación,"Viaje_RIO, Almuerzo",Necesidad,False,---,False,,0.0,True,,,,,,,
685db48fa5525e623e39cb1143e32d0f,TARJETA,67011292Rosemberg S CONSUMO BRA,Ropa,Viaje_RIO,Deseo,False,---,False,,8.0,True,camiseta flamengo,,,,,,
04e74ceddd11f12bbe1a8a14c47581fc,TARJETA,THE BEST ACAI COPACABA R CONSUMO BRA,Alimentación,Viaje_RIO,Deseo,False,---,False,,0.0,True,Agua,,,,,,
01a600d6e704968cfa0ec16aa9800d66,TARJETA,ZIGPAY43 BRABRA S CONSUMO BRA,Alimentación,"Viaje_RIO, Almuerzo",Necesidad,False,---,False,,0.0,True,,,,,,,
14b9db7631a2a4a2d7c72c00a7b33dfa,TARJETA,Mc,Deudas,,Necesidad,False,Ale,True,Ale,0.0,True,Sundae,,,,,039c6ffa-117d-4c18-97d7-89a19db080b9,
988de616254a8fc4faa7b39ea635aa8f,TARJETA,Uber UBER *TRIP HELP.U S CONSUMO BRA,Transporte,Viaje_RIO,Necesidad,False,---,False,,0.0,True,,,,,,,
09e82e7b7cd2286029d2f805dde31ba5,TARJETA,Uber,Transporte,Viaje_RIO,Necesidad,False,---,False,,0.0,True,,,,,,,
d090d164e74f71672dd3d0adfd6cae85,TARJETA,Mc,Alimentación,"Viaje_RIO, Desayuno",Necesidad,False,---,False,,0.0,True,,,,,,,
5f413ff77e6af717a4beee93990f5786,TARJETA,JosueRochaDeUECU S CONSUMO BRA,Regalo,Viaje_RIO,Deseo,False,---,False,,0.0,True,Regalo a senor en playa,,,,,,
fd1003aedcb15ec3bd86cd2e74992ba1,TARJETA,BARRACA DO ABELHA R CONSUMO BRA,Viajes,Viaje_RIO,Deseo,False,---,False,,0.0,True,"Pago de Silla y algo mas, capaz una cerveza",,,,,,
cbd6296c71e96c47946c03ade873312f,TARJETA,Mc,Alimentación,"Viaje_RIO, Merienda",Necesidad,False,---,False,,0.0,True,,,,,,,
1adb46a8fe1105edea43c4d051e56656,TARJETA,MP *BDBCIASJOCRI R CONSUMO BRA,Ocio,"Viaje_RIO, Trago",Deseo,False,---,False,,7.0,True,Caipi,,,,,,
c563e39675fca1bbccd3f9a65d40e88c,TARJETA,SandraDoloresBRA R CONSUMO BRA,Ocio,"Viaje_RIO, Trago",Deseo,False,---,False,,8.0,True,Caipi,,,,,,
0c6775c55610ed62570493d15311371a,TARJETA,PADOCA01 BRABRA R CONSUMO BRA,Alimentación,"Viaje_RIO, Desayuno",Necesidad,False,---,False,,0.0,True,,,,,,,
2cf8cd054fcca4deee1d53c985c10251,TARJETA,Mc,Alimentación,"Viaje_RIO, Desayuno",Necesidad,False,---,False,,0.0,True,,,,,,,
b3e3e15c694aa7b81d59b7648f2bdc6b,TARJETA,ASJ SANTA TERESA R CONSUMO BRA,Alimentación,Viaje_RIO,Deseo,False,---,False,,0.0,True,Caipis,,,,,,
f94ca41121ec13ab325201ced5835eaa,TARJETA,HAVAIANAS CONCEPT STOR R CONSUMO BRA,Ropa,Viaje_RIO,Deseo,False,---,False,,0.0,True,,,,,,,
e8e709b31a744567227de062035b1ec0,TARJETA,RosemeireCamiloA R CONSUMO BRA,Ocio,"Viaje_RIO, Trago",Deseo,False,---,False,,0.0,True,Caipi en merienda,,,,,,
1afa6fa8c14f7948bdbc77263f6881f4,BANCA,TRANSF. DIRECTA A MEDINA AYALA VIOLETA ALEJANDRA,Regalo,Viaje_RIO,Deseo,False,---,False,,0.0,True,,,,,,,
7365db59d7d3f17bee84d79262d368f3,TARJETA,MP *DEUSILEIAPERE R CONSUMO BRA,Viajes,Viaje_RIO,Deseo,False,---,False,,0.0,True,Silla,,,,,,
794b0bdcd8814b22cbe539b9222e1dc0,TARJETA,ZIG* *BARCO TROPICAL A CONSUMO BRA,Viajes,Viaje_RIO,Deseo,False,---,False,,0.0,True,Viaje a Isla Grande,,,,,,
f320aa9dc9cd08093eb8bd4e64241731,TARJETA,LANCHONETE SERVVERDE M CONSUMO BRA,Alimentación,"Viaje_RIO, Desayuno",Necesidad,False,---,False,,0.0,True,,,,,,,
8cf822e91b5dc785e89ba2641b4ddaaf,BANCA,17056306-MASTERCARD BP  -8E-223067000075,Tarjeta,,---,False,---,False,,0.0,True,,,,,,,
e002db9b41d9b7ac61d2ae318b4031cb,TARJETA,Mc,Alimentación,"Viaje_RIO, Desayuno",Necesidad,False,---,False,,0.0,True,,8939cdd8-d932-40f1-8318-6a85f94f426b,,-5.42,,,
e002db9b41d9b7ac61d2ae318b4031cb,TARJETA,Mc,Deudas,Almuerzo,Necesidad,False,---,True,rubia,0.0,True,,f7dd2992-e7ed-4aa7-9483-a5603d39847b,,-5.42,,46ee0757-773f-4a15-8c12-2a7d933334d3,
e002db9b41d9b7ac61d2ae318b4031cb,TARJETA,Mc,Deudas,Almuerzo,Necesidad,False,Ale,True,Ale,0.0,True,,7ef2cbdf-13c4-422e-94d0-e2cea9bf4923,,-7.48,,6e9aca7f-7f0c-4c87-9883-1c342501e157,
07b0054e035b7d9bcc83290e5f26678e,TARJETA,JIM.COM* YURI GONCALV A CONSUMO BRA,Viajes,Viaje_RIO,Deseo,False,---,False,,0.0,True,JetSky,9abdf8bf-4b38-4485-9390-989520719cb4,,-15.71,,,
07b0054e035b7d9bcc83290e5f26678e,TARJETA,JIM.COM* YURI GONCALV A CONSUMO BRA,Deudas,,---,False,---,True,rubia,0.0,True,,6034d1ec-d75b-4e8b-a250-f9e6fe862bdf,,-15.72,,98166038-4a64-4ae2-ae1e-0f6e138f56e2,
2db1cab5c1c0a5e49977035ac14ead16,TARJETA,FROGWAY*DIAMOND CONSUL R CONSUMO BRA,Ocio,"Viaje_RIO, Trago",Deseo,False,---,False,,0.0,True,Caipis,c9c9c40d-7657-4ead-bf0c-025725caa710,,-6.54,,,
2db1cab5c1c0a5e49977035ac14ead16,TARJETA,FROGWAY*DIAMOND CONSUL R CONSUMO BRA,Deudas,,---,False,---,True,rubia,0.0,True,,78ec0f37-8c6e-439f-8650-0f72d70d7958,,-6.54,,dd626645-1944-47b9-b883-1cc199ce628c,
2db1cab5c1c0a5e49977035ac14ead16,TARJETA,,Deudas,,---,False,---,True,Ale,0.0,True,,c17187e4-1909-4a7b-bb08-113af978727f,,-6.540000000000001,,76842572-512c-47a1-b307-29442afaca73,
fb786f6ff5c3ca49e8e7d71ac0397da0,TARJETA,MEDI QUITO CC CONDADO Q CONSUMO ECU,Salud,,Necesidad,False,---,True,Madre,0.0,True,Medicamentos farmacia,,,,,2c0b9f51-fe3c-43dc-98c9-a60fa9d585b7,
0348a7f0096a309966504656b65b6c1d,TARJETA,METRORED QUITO EL COND Q CONSUMO ECU,Salud,,---,False,---,True,Madre,0.0,True,Consulta,,,,,7231758e-6a71-4b1c-b5eb-ba4a0e4ae800,
842d3d09f6550d4f85c69efe4089917c,TARJETA,MICROSOFT*PC GAME PASS M CONSUMO USA,Ocio,Videojuegos,Deseo,False,---,False,,0.0,True,,,,,,,
0502398541604ed9773fb6f697442978,BANCA,TRANSF. DIRECTA DE MEDINA AYALA VIOLETA ALEJANDRA,Deudas,,---,False,---,True,Ale,0.0,True,,,,,,,3c6ca7b8-0cd2-437a-9715-2b47eb6b11ad
3053b18804a114e3da06a61f034a04d7,TARJETA,MC DONALDSRJ BRA R CONSUMO BRA,Alimentación,Viaje_RIO,Deseo,False,---,False,,0.0,True,,,,,,,
d170b05a095783345f86ad021d4f20da,TARJETA,Uber Río,Transporte,Viaje_RIO,Necesidad,False,---,False,,0.0,True,,dea2316a-6448-4b27-9deb-d506d943540a,,-2.21,,,
d170b05a095783345f86ad021d4f20da,TARJETA,Uber Río,Deudas,Viaje_RIO,---,False,---,True,Ale,0.0,True,,959b410e-d9a3-4cac-a56d-25a5d0dc769d,,-2.21,,,
d170b05a095783345f86ad021d4f20da,TARJETA,Uber Río,Deudas,Viaje_RIO,---,False,---,True,rubia,0.0,True,,07c941ee-e3a2-4145-802b-9386f472b1a4,,-2.21,,,
d7e5c0a0550d257fa0637baaa7ea14f9,TARJETA,Uber Río,Transporte,Viaje_RIO,Necesidad,False,---,False,,0.0,True,,a88d7284-3945-4bc2-af59-edc01d5455ef,,-1.88,,,
d7e5c0a0550d257fa0637baaa7ea14f9,TARJETA,Uber Río,Deudas,Viaje_RIO,---,False,---,True,Ale,0.0,True,,9b1192ab-8dc7-43b5-8d06-87dbd5aab04a,,-1.88,,,
d7e5c0a0550d257fa0637baaa7ea14f9,TARJETA,Uber Río,Deudas,Viaje_RIO,---,False,---,True,rubia,0.0,True,,44411c61-304e-4ed6-a1d3-25f310d3de25,,-1.89,,,
2442c68db7423d5451ae35aa884ed28f,TARJETA,Uber Río,Transporte,Viaje_RIO,Necesidad,False,---,False,,0.0,True,,e2150ee8-85fb-43fd-a40d-f1ca7bf7867d,,-0.65,,,
2442c68db7423d5451ae35aa884ed28f,TARJETA,Uber Río,Deudas,Viaje_RIO,---,False,---,True,Ale,0.0,True,,1af6c360-e053-4981-b479-89201095839b,,-0.65,,,
2442c68db7423d5451ae35aa884ed28f,TARJETA,Uber Río,Deudas,Viaje_RIO,---,False,---,True,rubia,0.0,True,,ed619663-ab27-457f-99e3-aa909c8038ac,,-0.64,,,
a9aadec566f22d594541607a67baad40,TARJETA,Uber Río,Transporte,Viaje_RIO,Necesidad,False,---,False,,0.0,True,,e837f20a-3cad-4b5f-9016-c422d0f39f9a,,-1.3,,,
a9aadec566f22d594541607a67baad40,TARJETA,Uber Río,Deudas,Viaje_RIO,---,False,---,True,Ale,0.0,True,,4526283d-83f0-4fbd-a0d2-9bbc1945f7f9,,-1.3,,,
a9aadec566f22d594541607a67baad40,TARJETA,Uber Río,Deudas,Viaje_RIO,---,False,---,True,rubia,0.0,True,,26496ac4-e271-4c48-b836-83cbc52dc632,,-1.3,,,
b366e1d8911ae9f2e4c67b045320eca8,TARJETA,Uber Río,Transporte,Viaje_RIO,Necesidad,False,---,False,,0.0,True,,009e0602-740d-44f8-8375-7a23e9d86038,,-2.2,,,
b366e1d8911ae9f2e4c67b045320eca8,TARJETA,Uber Río,Deudas,Viaje_RIO,---,False,---,True,Ale,0.0,True,,e657b4c1-fa1b-44ef-898c-fdc18699cea5,,-2.2,,,
b366e1d8911ae9f2e4c67b045320eca8,TARJETA,Uber Río,Deudas,Viaje_RIO,---,False,---,True,rubia,0.0,True,,8ad2d9fc-47fb-4242-bd29-1e1b5ad93379,,-2.21,,,
14866e0e64a45001d3f40c8c7c1c1399,TARJETA,Uber Río,Transporte,Viaje_RIO,Necesidad,False,---,False,,0.0,True,,e87e72fd-9817-4f7e-bd7d-a88db1de7407,,-0.78,,,
14866e0e64a45001d3f40c8c7c1c1399,TARJETA,Uber Río,Deudas,Viaje_RIO,---,False,---,True,Ale,0.0,True,,178483f3-020e-4e8b-84f9-57920b578cd5,,-0.78,,,
14866e0e64a45001d3f40c8c7c1c1399,TARJETA,Uber Río,Deudas,Viaje_RIO,---,False,---,True,rubia,0.0,True,,9026febd-846d-475f-9407-922e1e899a3b,,-0.77,,,
db9ca5017e7679db56370638c896aca6,TARJETA,Uber Río,Transporte,Viaje_RIO,Necesidad,False,---,False,,0.0,True,,351145fe-5998-445f-b4ff-b91e7a8c3695,,-2.07,,,
db9ca5017e7679db56370638c896aca6,TARJETA,Uber Río,Deudas,Viaje_RIO,---,False,---,True,Ale,0.0,True,,0bbef5a5-c675-4c13-9866-e5ffe5a653f4,,-2.07,,,
db9ca5017e7679db56370638c896aca6,TARJETA,Uber Río,Deudas,Viaje_RIO,---,False,---,True,rubia,0.0,True,,d27c6a07-a9c5-4610-a021-5f12f4146a53,,-2.08,,,
7d21e9aebd598919a156e1069713d975,TARJETA,Uber Río,Transporte,Viaje_RIO,Necesidad,False,---,False,,0.0,True,,6899feff-48cb-4ed3-a6fa-05565cc07ac4,,-1.17,,,
7d21e9aebd598919a156e1069713d975,TARJETA,Uber Río,Deudas,Viaje_RIO,---,False,---,True,Ale,0.0,True,,7614b37a-6709-4f33-b7d0-1b9205f685a9,,-1.17,,,
7d21e9aebd598919a156e1069713d975,TARJETA,Uber Río,Deudas,Viaje_RIO,---,False,---,True,rubia,0.0,True,,47e4a826-6dfd-4037-a02e-c745e44bd9f1,,-1.17,,,
dac54526e04caa446ba8e8331fa6c181,TARJETA,Uber Río,Transporte,Viaje_RIO,Necesidad,False,---,False,,0.0,True,,7821ae56-7a83-4a30-adbc-ad249b8c3c38,,-2.42,,,
dac54526e04caa446ba8e8331fa6c181,TARJETA,Uber Río,Deudas,Viaje_RIO,---,False,---,True,Ale,0.0,True,,496adbca-b8d6-4a2b-8cd1-09b4a861c80d,,-2.42,,,
dac54526e04caa446ba8e8331fa6c181,TARJETA,Uber Río,Deudas,Viaje_RIO,---,False,---,True,rubia,0.0,True,,f8fb825e-82bf-48b5-8ed0-44b945654443,,-2.43,,,
4f423129d6bccde4648b74775952a21d,TARJETA,Uber Río,Transporte,Viaje_RIO,Necesidad,False,---,False,,0.0,True,,12727e19-7e6f-4eb9-bae2-dbce811fcdbf,,-2.72,,,
4f423129d6bccde4648b74775952a21d,TARJETA,Uber Río,Deudas,Viaje_RIO,---,False,---,True,Ale,0.0,True,,50c3c2cf-6e9b-498e-b266-3c38d6ae5e3a,,-2.72,,,
4f423129d6bccde4648b74775952a21d,TARJETA,Uber Río,Deudas,Viaje_RIO,---,False,---,True,rubia,0.0,True,,77abdc0d-e44e-4aa6-84d0-df0e69f090bc,,-2.73,,,
d1000429475d51be893bc376f41e7359,TARJETA,Uber Río,Transporte,Viaje_RIO,Necesidad,False,---,False,,0.0,True,,b4f5071a-5ab0-497d-ae71-0902ab3e6e73,,-1.17,,,
d1000429475d51be893bc376f41e7359,TARJETA,Uber Río,Deudas,Viaje_RIO,---,False,---,True,Ale,0.0,True,,e87b4432-4fa7-43a7-84d0-add67bcbc917,,-1.17,,,
d1000429475d51be893bc376f41e7359,TARJETA,Uber Río,Deudas,Viaje_RIO,---,False,---,True,rubia,0.0,True,,6936ee8e-2a75-41e3-bd45-6c4a5ba30fd0,,-1.17,,,
d1c4c81a87f906394379eb1ca8921483,TARJETA,Uber Río,Transporte,Viaje_RIO,Necesidad,False,---,False,,0.0,True,,b235fb91-5d7b-40a9-a491-28c1b892b9d9,,-1.05,,,
d1c4c81a87f906394379eb1ca8921483,TARJETA,Uber Río,Deudas,Viaje_RIO,---,False,---,True,Ale,0.0,True,,2f405c0d-c054-442e-98d9-b340e9dfd06c,,-1.05,,,
d1c4c81a87f906394379eb1ca8921483,TARJETA,Uber Río,Deudas,Viaje_RIO,---,False,---,True,rubia,0.0,True,,9833035b-022c-4650-bd71-0ce4bdc86d77,,-1.06,,,
961991bcaea680a89e9e20f67706347e,TARJETA,DL*UberRidesABRA S CONSUMO BRA,Transporte,"Viaje_RIO, Uber_Rio",---,False,---,False,,0.0,True,,d1f38948-7b94-43a2-bbe3-db8d5e2840ea,,-3.26,,,
961991bcaea680a89e9e20f67706347e,TARJETA,DL*UberRidesABRA S CONSUMO BRA,Deudas,,---,False,---,True,Ale,0.0,True,,7ca889f1-dab4-4fb1-8ce2-0261da2b656d,,-3.26,,1b9d52d4-90e2-402d-aa07-0d707b41891f,
961991bcaea680a89e9e20f67706347e,TARJETA,DL*UberRidesABRA S CONSUMO BRA,Deudas,,---,False,rubia,True,rubia,0.0,True,,5280da63-7b46-4e10-bce9-e09daf0ddb6c,,-3.24,,c96a5084-fbf8-4ae6-b3cd-3b742fe285f5,
79a3471cec74d4e72bf61ddfba408ae2,TARJETA,Uber Río,Transporte,Viaje_RIO,Necesidad,False,---,False,,0.0,True,,ddb2db16-8c5a-481b-80ae-675e028d489e,,-1.49,,,
79a3471cec74d4e72bf61ddfba408ae2,TARJETA,Uber Río,Deudas,Viaje_RIO,---,False,---,True,Ale,0.0,True,,f047cd0a-c791-4e8e-a99c-533ef684fb43,,-1.49,,,
79a3471cec74d4e72bf61ddfba408ae2,TARJETA,Uber Río,Deudas,Viaje_RIO,---,False,---,True,rubia,0.0,True,,3eac362b-aa70-42c3-81be-faf007b81fb0,,-1.5,,,
f7717a7bfb68386616e39d4968fb078f,TARJETA,Uber Río,Transporte,Viaje_RIO,Necesidad,False,---,False,,0.0,True,,01c17e38-05d7-42ad-bba8-d212a4327188,,-1.65,,,
f7717a7bfb68386616e39d4968fb078f,TARJETA,Uber Río,Deudas,Viaje_RIO,---,False,---,True,Ale,0.0,True,,45700b2e-584b-4923-927e-a273d33f6493,,-1.65,,,
f7717a7bfb68386616e39d4968fb078f,TARJETA,Uber Río,Deudas,Viaje_RIO,---,False,---,True,rubia,0.0,True,,a5537bf2-9477-4bc3-84e8-52c27516e15e,,-1.64,,,
37f3cd82b74535fa139e8d066037fb51,TARJETA,METRORED CONDADO Q CONSUMO ECU,Salud,,---,False,---,True,Madre,0.0,True,,,,,,560880f7-ecf7-4f97-a9b2-4cdd154daabf,
a52da34a3dd851f7bb20e3dc8d04b023,TARJETA,DROGARIA VENANCIO V 17 R CONSUMO BRA,Deudas,,---,False,Ale,True,Ale,0.0,True,,e884b0f5-d41a-4b44-9e39-fd86dbe05b36,,-6.220000000001,,f273c039-83c4-4e14-b761-a86bba569786,
a52da34a3dd851f7bb20e3dc8d04b023,TARJETA,DROGARIA VENANCIO V 17 R CONSUMO BRA,Deudas,,---,False,rubia,True,rubia,0.0,True,,3404a31d-fbb5-4e95-929a-5d8b8bbf5c9b,,-6.2199999999990006,,8abc21c1-91b9-4a41-9294-302e44e57816,
8586037f121a224b24a4932af4bd2933,TARJETA,UniquePayService M CONSUMO BRA,Alimentación,"Viaje_RIO, Merienda",Deseo,False,---,False,,8.0,True,,e7934e56-1bc5-4493-b245-6ba783a027cf,,-32.11,,,
8586037f121a224b24a4932af4bd2933,TARJETA,UniquePayService M CONSUMO BRA,Deudas,,---,False,---,True,rubia,0.0,True,,8bcf2ce9-77a7-421f-b2fb-cf4c4d013318,,-26.57,,ddc114af-e834-4711-92b5-3e45021b8e9a,
8586037f121a224b24a4932af4bd2933,TARJETA,UniquePayService M CONSUMO BRA,Deudas,,---,False,---,True,Ale,0.0,True,,13b0dada-68cb-4d50-afd3-b724937cde86,,-35.51,,21c868c5-3b5b-478d-b3b2-db39939f444b,
ebc9ab0f952b922bd3e9eb2b56f12acb,BANCA,TRANSF. DIRECTA A VERKADE MONTIEL DOMINIQUE LOURDES,Viajes,"Airbnb_Rio, Viaje_RIO",---,False,---,False,rubia,0.0,True,,6f587a96-5413-422a-b7c4-81cc81053ea5,,-320.83,,,
ebc9ab0f952b922bd3e9eb2b56f12acb,BANCA,TRANSF. DIRECTA A VERKADE MONTIEL DOMINIQUE LOURDES,Viajes,Viaje_RIO,---,False,---,False,,0.0,True,Vacunas,a2e627ce-c445-48a4-b112-a66f304929e8,,-104.0,,,
ebc9ab0f952b922bd3e9eb2b56f12acb,BANCA,,Deudas,,---,False,---,True,rubia,0.0,True,,e4d5fe25-bbf0-4887-83ac-0ae638ee213c,,-72.0,,319046e5-d328-4a64-ad36-40fbab39a9f5,
1b254ca8a369085987d30265db741b70,TARJETA,TalamancaEventos R CONSUMO BRA,Ocio,"Viaje_RIO, Trago",Deseo,False,---,False,,0.0,True,,d4e5cd4a-d98d-414d-a478-7590e1d8b477,,-17.63,,,
1b254ca8a369085987d30265db741b70,TARJETA,TalamancaEventos R CONSUMO BRA,Deudas,,---,False,---,True,Ale,0.0,True,,060cb43d-cacc-45f6-93e8-9e6111f56640,,-29.72,,a016e684-7ef6-4746-a6ea-43a2de774fbe,
1b254ca8a369085987d30265db741b70,TARJETA,,Deudas,,---,False,---,True,rubia,0.0,True,,e5f62202-d1f3-4556-8528-2e5d80ae510b,,-24.75,,a93929cc-b537-41c8-ba52-9cc68f2eb164,
3ecec3f016ac9d763ec73a298672449c,TARJETA,Zona Sul Supermercado,Alimentación,Viaje_RIO,Deseo,False,---,False,,0.0,True,,297cd956-f527-4549-bbe5-b936e66c8dfd,,-15.0,,,
3ecec3f016ac9d763ec73a298672449c,TARJETA,,Deudas,,---,False,---,True,Ale,0.0,True,,574e66a8-2404-4a56-a9c6-43f7824f5cbd,,-15.0,,89416a04-e68e-41ca-8e61-e53efe695572,
3ecec3f016ac9d763ec73a298672449c,TARJETA,,Deudas,,---,False,---,True,rubia,0.0,True,,79627129-ca40-4c78-9561-00fe338b2ff7,,-15.049999999999995,,0ad8c3a3-9470-4226-bb9b-f08c7575e4fc,
d1cce5d6ba7a03a095b7ebccb5d57d93,TARJETA,TalamancaEventos R CONSUMO BRA,Alimentación,"Viaje_RIO, Almuerzo",Necesidad,False,---,False,,0.0,True,,35d38419-c89c-44a6-ad66-8bfe44d8f4b5,,-15.43,,,
d1cce5d6ba7a03a095b7ebccb5d57d93,TARJETA,TalamancaEventos R CONSUMO BRA,Deudas,,---,False,---,True,rubia,0.0,True,,af94248e-76d3-4aa7-8ce9-df3ae390c1e7,,-6.92,,5d0c0bab-9189-482d-9b62-94730ef27e8c,
d1cce5d6ba7a03a095b7ebccb5d57d93,TARJETA,TalamancaEventos R CONSUMO BRA,Deudas,,---,False,---,True,Ale,0.0,True,,04729f06-88d5-41de-8206-9c176387663f,,-15.549999999999995,,0f75540b-a9ea-40f4-b676-e5bf9ff3c6d2,
c2874771b74a314d7ca6d7126043bfe2,TARJETA,ZONA SUL FL 40CU R CONSUMO BRA,Alimentación,Viaje_RIO,---,False,---,False,,0.0,True,,7e2ac5b3-1c81-4a92-b332-25b66854d68c,,-21.22,,,
c2874771b74a314d7ca6d7126043bfe2,TARJETA,ZONA SUL FL 40CU R CONSUMO BRA,Deudas,,---,False,---,True,rubia,0.0,True,,25915feb-2b1a-463f-9460-27ec661c167f,,-15.06,,3380e80f-916a-45c7-86a9-cb6854be34d7,
c2874771b74a314d7ca6d7126043bfe2,TARJETA,ZONA SUL FL 40CU R CONSUMO BRA,Deudas,,---,False,Ale,True,Ale,0.0,True,,2f90eb6a-619b-4363-b983-5d8a59e4457c,,-15.060000000000002,,61ec4cbf-cc2a-495c-bfbb-bbc7941fe67c,
9533f1f61ce199107a9d4f4ed6bea695,TARJETA,MP *FLORDOCARIBE R CONSUMO BRA,Alimentación,"Merienda, Viaje_RIO",---,False,---,False,,0.0,True,,6b6ad80c-e07b-4564-9f6e-2023978a9013,,-8.78,,,
9533f1f61ce199107a9d4f4ed6bea695,TARJETA,MP *FLORDOCARIBE R CONSUMO BRA,Deudas,,---,False,---,True,Ale,0.0,True,,e9e418e2-9bcd-45eb-9d9c-2d202432bda1,,-4.18,,2b937f0d-37d2-433f-b843-84ce95c9fb37,
9533f1f61ce199107a9d4f4ed6bea695,TARJETA,,Deudas,,---,False,---,True,rubia,0.0,True,,2aa28814-2c46-4774-9c29-70c1044cbdad,,-4.1800000000000015,,7c0667e1-92bf-44f8-afcf-6adb0b5f46a9,
ab868890b556b432049dca857e64c98b,BANCA,Rubia,Deudas,,---,False,---,True,rubia,0.0,True,,,,,,,a1307705-fed5-40ff-a181-0bdac6e3f379
4e662766a5d39048c73d87f8c391125b,BANCA,TRANSFERENCIA INTERBANCARIA ENVIADA,---,,---,False,---,True,Ñaña,0.0,True,,,,,,6d3444bd-74c7-4a88-8a59-1229c07acf80,
0f3dd315c4d8bcb1a81f561e3d4bec93,BANCA,TRANSF. DIRECTA DE MEDINA AYALA VIOLETA ALEJANDRA,Deudas,,---,False,---,True,Ale,0.0,True,,,,,,1c16bd46-adec-4355-aa80-fe3d2553aa2b,
57dd25d008415df3ffc69431fe5c6029,BANCA,DEPOSITO,Inversion,Deposito,---,False,---,False,,0.0,True,,,,,,,
b4390e411598f1cca1a7f7831a601c44,TARJETA,ZONA SUL FL 40RA R CONSUMO BRA,Alimentación,Viaje_RIO,Deseo,False,---,False,Ale,0.0,True,,34c53b66-28de-4dfa-b35d-e977c9b3b0dc,,-9.29,,,
b4390e411598f1cca1a7f7831a601c44,TARJETA,ZONA SUL FL 40RA R CONSUMO BRA,Deudas,,---,False,---,True,rubia,0.0,True,,8ef1a02e-8e2c-4f98-a42e-cb241a7a73af,,-9.29,,7e6d2571-2b87-4362-9bb2-7276670f1382,
b4390e411598f1cca1a7f7831a601c44,TARJETA,ZONA SUL FL 40RA R CONSUMO BRA,Deudas,,---,False,---,True,Ale,0.0,True,,873c20ab-b3f4-4c47-8466-24d04526e310,,-11.480000000000004,,41a6a908-b09b-4762-8f45-0476a4f9149b,
479a94a4d9cf8de8a24f7bf19621e723,BANCA,Ale,---,,---,False,---,False,,0.0,True,,,,,,,
0d1b6ee5f67c9628df7e473216fbaddc,TARJETA,Mc,Alimentación,Almuerzo,Necesidad,False,---,False,,0.0,True,,c6aae7a8-32b3-4390-a219-503f24c71824,,-2.44,,,
0d1b6ee5f67c9628df7e473216fbaddc,TARJETA,,Deudas,,---,False,---,True,rubia,0.0,True,,c6411a44-6707-4e87-8450-701077f80644,,-2.43,,b5666d5d-e751-47c0-ae45-6385cff2f703,
9305451e69ce9ced56b8b8893c3dad5d,BANCA,TRANSF. DEUNA A HERNAN DARIO RAMOS VILLARREAL,---,,---,False,---,True,Madre,0.0,True,,,,,,9a7ec623-ce1e-4e37-89eb-80e8554f59b2,
